key,description,en,de_auto
,,,#VALUE!
,menu,,#VALUE!
home.en,,Home,Startseite
menu.1,,Truck Camper,Truck Camper
menu.2,,RV Interior,Innenraum
menu.3,,RV Exterior,Außenbereich
menu.4,,Van Equipment,Van
menu.5,,Auto Parts,Autoteile
menu.6,,RV Accessories ,Zubehör
,,,#VALUE!
descripton.1,,"Transform your pickup truck into a fully functional mobile home with our comprehensive selection of truck camper equipment and accessories. Whether you're planning weekend getaways or extended road trips, our range includes everything needed to create a comfortable and efficient living space on your truck bed. From slide-in campers and pop-up shells to essential amenities like storage solutions, electrical systems, and insulation kits, we offer practical and affordable options sourced directly from manufacturers. Our truck camper collection focuses on durability, space optimization, and ease of installation, ensuring your vehicle conversion meets your specific travel needs. Whether you're a weekend warrior or a full-time nomad, discover reliable gear that maximizes your truck's potential while maintaining factory-direct pricing. Explore our selection of camper shells, tie-down systems, and interior components designed to enhance comfort and functionality on every adventure.","Verwandeln Sie Ihren Pickup in ein vollwertiges Wohnmobil mit unserer umfassenden Auswahl an Ladeflächenausbauten und Zubehör. Ob Wochenendtrips oder längere Roadtrips – unser Sortiment bietet alles, was Sie für einen komfortablen und effizienten Wohnraum auf Ihrer Ladefläche benötigen. Von Aufsetzkabinen und Klappaufbauten bis hin zu wichtigen Ausstattungsmerkmalen wie Stauraumlösungen, Elektrosystemen und Isoliersets bieten wir Ihnen praktische und erschwingliche Optionen direkt vom Hersteller. Unsere Ladeflächenausbauten zeichnen sich durch Langlebigkeit, optimale Raumausnutzung und einfache Montage aus, damit Ihr Fahrzeugumbau perfekt zu Ihren individuellen Reisebedürfnissen passt. Egal, ob Sie nur ein Wochenendausflügler oder ein Dauerreisender sind: Entdecken Sie zuverlässige Ausrüstung, die das Potenzial Ihres Pickups voll ausschöpft – und das zu Preisen direkt vom Hersteller. Stöbern Sie in unserer Auswahl an Ladeflächenaufbauten, Befestigungssystemen und Innenausstattungen, die Komfort und Funktionalität auf jedem Abenteuer verbessern."
descripton.2,,"Create a comfortable and functional living space inside your RV with our comprehensive selection of interior equipment and accessories. Our range includes everything needed to transform your recreational vehicle into a true home on wheels, from furniture and storage solutions to appliances and decorative elements. Whether you're renovating an existing RV or customizing a new one, we offer practical and affordable options sourced directly from manufacturers. Our RV interior collection focuses on space efficiency, durability, and style, ensuring every component enhances your mobile living experience. From compact kitchen appliances and space-saving furniture to climate control systems and lighting solutions, discover reliable gear that maximizes comfort and functionality. Whether you're a weekend camper or a full-time RVer, explore our selection of interior accessories designed to make your RV feel like home while maintaining factory-direct pricing.","Gestalten Sie Ihren Wohnwagen mit unserer umfassenden Auswahl an Innenausstattung und Zubehör komfortabel und funktional. Unser Sortiment umfasst alles, was Sie benötigen, um Ihr Wohnmobil in ein echtes Zuhause auf Rädern zu verwandeln – von Möbeln und Aufbewahrungslösungen bis hin zu Haushaltsgeräten und Dekorationselementen. Ob Sie einen bestehenden Wohnwagen renovieren oder einen neuen individuell gestalten möchten: Wir bieten Ihnen praktische und erschwingliche Optionen direkt vom Hersteller. Unsere Kollektion für den Wohnmobil-Innenausbau legt Wert auf Platzeffizienz, Langlebigkeit und Stil, damit jede Komponente Ihr mobiles Wohnerlebnis bereichert. Von kompakten Küchengeräten und platzsparenden Möbeln bis hin zu Klimaanlagen und Beleuchtungslösungen – entdecken Sie zuverlässige Ausrüstung, die maximalen Komfort und Funktionalität bietet. Ob Wochenendcamper oder Dauercamper: Entdecken Sie unsere Auswahl an Innenausstattung, mit der Sie sich in Ihrem Wohnmobil wie zu Hause fühlen – und das zu Preisen direkt vom Hersteller."
descripton.3,,"Protect and enhance your RV's exterior with our extensive range of equipment and accessories designed for durability, functionality, and style. Our selection includes everything needed to maintain and upgrade your recreational vehicle's outer components, from awnings and covers to lighting systems and storage solutions. Whether you're looking to extend your living space, protect your investment, or improve your RV's appearance, we offer practical and affordable options sourced directly from manufacturers. Our RV exterior collection features weather-resistant materials, easy installation, and long-lasting performance that withstands the elements. From retractable awnings and solar panels to bike racks and storage compartments, discover reliable gear that enhances your RV's capabilities. Whether you're preparing for a weekend trip or a long-term adventure, explore our selection of exterior accessories designed to maximize your RV's potential while maintaining factory-direct pricing.","Schützen und verschönern Sie das Äußere Ihres Wohnmobils mit unserem umfangreichen Sortiment an Ausrüstung und Zubehör, das auf Langlebigkeit, Funktionalität und Stil ausgelegt ist. Unsere Auswahl umfasst alles, was Sie für die Wartung und Aufrüstung der Außenkomponenten Ihres Wohnmobils benötigen – von Markisen und Abdeckungen bis hin zu Beleuchtungssystemen und Stauraumlösungen. Ob Sie Ihren Wohnraum erweitern, Ihre Investition schützen oder das Erscheinungsbild Ihres Wohnmobils verbessern möchten: Wir bieten Ihnen praktische und erschwingliche Optionen direkt vom Hersteller. Unsere Kollektion für den Außenbereich von Wohnmobilen zeichnet sich durch wetterbeständige Materialien, einfache Montage und langlebige Leistung aus, die den Elementen trotzt. Von ausfahrbaren Markisen und Solarmodulen bis hin zu Fahrradträgern und Staufächern – entdecken Sie zuverlässige Ausrüstung, die die Möglichkeiten Ihres Wohnmobils erweitert. Ob Wochenendtrip oder Langzeitabenteuer: Entdecken Sie unsere Auswahl an Außenzubehör, mit dem Sie das Potenzial Ihres Wohnmobils optimal ausschöpfen können – und das zu Preisen direkt vom Hersteller."
descripton.4,,"Equip your van for adventure with our comprehensive selection of van conversion equipment and accessories designed for comfort, functionality, and efficiency. Our range includes everything needed to transform your van into a fully functional mobile living space, from insulation and flooring to electrical systems and storage solutions. Whether you're building a weekend camper van or a full-time home on wheels, we offer practical and affordable options sourced directly from manufacturers. Our van equipment collection focuses on space optimization, durability, and ease of installation, ensuring your conversion meets your specific travel and living needs. From roof vents and solar power systems to modular furniture and kitchen components, discover reliable gear that maximizes your van's potential. Whether you're a DIY enthusiast or working with a professional converter, explore our selection designed to create the perfect mobile home while maintaining factory-direct pricing.","Rüsten Sie Ihren Van für Abenteuer aus – mit unserer umfassenden Auswahl an Ausbauzubehör und -ausrüstung für Komfort, Funktionalität und Effizienz. Unser Sortiment umfasst alles, was Sie benötigen, um Ihren Van in einen vollwertigen mobilen Wohnraum zu verwandeln: von Dämmung und Bodenbelägen bis hin zu Elektrik und Stauraumlösungen. Ob Wochenendtrip oder dauerhaftes Zuhause auf Rädern – wir bieten praktische und erschwingliche Optionen direkt vom Hersteller. Unsere Van-Ausrüstung ist auf optimale Raumausnutzung, Langlebigkeit und einfache Montage ausgelegt, damit Ihr Ausbau Ihren individuellen Reise- und Wohnbedürfnissen entspricht. Von Dachlüftern und Solaranlagen bis hin zu modularen Möbeln und Küchenkomponenten – entdecken Sie zuverlässige Ausrüstung, die das Potenzial Ihres Vans voll ausschöpft. Ob Sie selbst Hand anlegen oder mit einem professionellen Ausbauer zusammenarbeiten: Entdecken Sie unsere Auswahl für das perfekte mobile Zuhause zum günstigen Preis direkt vom Hersteller."
descripton.5,,"Keep your vehicle running smoothly and safely with our extensive selection of auto parts and automotive accessories sourced directly from manufacturers. Our range includes essential components for maintenance, repair, and performance enhancement, from engine parts and filters to brake systems and electrical components. Whether you're performing routine maintenance or addressing specific issues, we offer practical and affordable options that meet or exceed OEM specifications. Our auto parts collection features reliable quality, easy installation, and excellent value, ensuring your vehicle performs at its best. From oil filters and spark plugs to suspension components and lighting systems, discover trusted parts that maintain your vehicle's reliability and performance. Whether you're a DIY mechanic or a professional technician, explore our selection of auto parts designed to keep your vehicle in top condition while maintaining factory-direct pricing.","Sorgen Sie mit unserer großen Auswahl an Autoteilen und Zubehör direkt vom Hersteller für einen reibungslosen und sicheren Betrieb Ihres Fahrzeugs. Unser Sortiment umfasst alle wichtigen Komponenten für Wartung, Reparatur und Leistungssteigerung – von Motorteilen und Filtern bis hin zu Bremsanlagen und elektrischen Bauteilen. Ob routinemäßige Wartung oder die Behebung spezifischer Probleme: Wir bieten Ihnen praktische und preisgünstige Lösungen, die die Spezifikationen der Originalhersteller erfüllen oder sogar übertreffen. Unsere Autoteile zeichnen sich durch zuverlässige Qualität, einfache Montage und ein hervorragendes Preis-Leistungs-Verhältnis aus und gewährleisten so die optimale Leistung Ihres Fahrzeugs. Entdecken Sie bewährte Teile – von Ölfiltern und Zündkerzen bis hin zu Fahrwerkskomponenten und Beleuchtungssystemen –, die die Zuverlässigkeit und Leistung Ihres Fahrzeugs erhalten. Ob Hobbyschrauber oder professioneller Kfz-Techniker: Entdecken Sie unsere Auswahl an Autoteilen, mit denen Sie Ihr Fahrzeug in Top-Zustand halten und dabei von Preisen direkt vom Hersteller profitieren."
descripton.6,,"Enhance your RV experience with our comprehensive selection of accessories designed to improve comfort, convenience, and functionality on every journey. Our range includes essential add-ons and upgrades that make RV living more enjoyable, from leveling blocks and stabilizer jacks to water management systems and security devices. Whether you're a new RV owner or a seasoned traveler, we offer practical and affordable options sourced directly from manufacturers. Our RV accessories collection focuses on quality, durability, and ease of use, ensuring every product enhances your mobile lifestyle. From sewer hoses and electrical adapters to interior organization solutions and outdoor entertainment equipment, discover reliable gear that makes RV travel more comfortable and stress-free. Whether you're planning weekend getaways or extended adventures, explore our selection of RV accessories designed to maximize your enjoyment on the road while maintaining factory-direct pricing.","Bereichern Sie Ihr Wohnmobil-Erlebnis mit unserer umfassenden Auswahl an Zubehör, das Komfort, Bequemlichkeit und Funktionalität auf jeder Reise verbessert. Unser Sortiment umfasst wichtige Erweiterungen und Upgrades, die das Leben im Wohnmobil angenehmer gestalten – von Nivellierblöcken und Stabilisierungsstützen bis hin zu Wassermanagementsystemen und Sicherheitsvorrichtungen. Ob Sie ein neuer Wohnmobilbesitzer oder ein erfahrener Reisender sind, wir bieten praktische und erschwingliche Optionen direkt vom Hersteller. Unsere Wohnmobil-Zubehörkollektion legt Wert auf Qualität, Langlebigkeit und Benutzerfreundlichkeit, damit jedes Produkt Ihren mobilen Lebensstil bereichert. Von Abwasserschläuchen und elektrischen Adaptern bis hin zu Lösungen für die Innenraumorganisation und Unterhaltungselektronik für draußen – entdecken Sie zuverlässige Ausrüstung, die das Reisen mit dem Wohnmobil komfortabler und stressfreier macht. Ob Wochenendausflüge oder längere Abenteuer – entdecken Sie unsere Auswahl an Wohnmobil-Zubehör, das Ihren Fahrspaß maximiert und Ihnen gleichzeitig Preise direkt vom Hersteller bietet."
,,,#VALUE!
meta.title.menu.1,,Truck Camper Equipment & Accessories | Factory Prices,LKW-Wohnkabinen-Ausrüstung & Zubehör | Direkt vom Hersteller
meta.title.menu.2,,RV Interior Equipment & Accessories | Factory Prices,Innenausstattung und Zubehör für Wohnmobile | Direktpreise
meta.title.menu.3,,RV Exterior Equipment & Accessories | Factory Prices,Außenausstattung & Zubehör für Wohnmobile | Direktpreise
meta.title.menu.4,,Van Conversion Equipment & Accessories | Factory Prices,Ausbauzubehör für Transporter | Direkt vom Hersteller
meta.title.menu.5,,Auto Parts & Automotive Accessories | Factory Prices,Autoteile & Autozubehör | Direktpreise
meta.title.menu.6,,RV Accessories & Camping Essentials | Factory Prices,Wohnmobilzubehör & Campingausrüstung | Direkt vom Hersteller
,,,#VALUE!
meta.des.menu.1,,Transform your pickup truck into a mobile home with comprehensive truck camper equipment and accessories. Discover slide-in campers,Verwandeln Sie Ihren Pickup mit umfassender Ausrüstung und Zubehör in ein mobiles Zuhause. Entdecken Sie unsere Slide-in-Camper.
meta.des.menu.2,,Create a comfortable and functional RV interior with furniture,Gestalten Sie mit Möbeln einen komfortablen und funktionalen Wohnmobil-Innenraum.
meta.des.menu.3,,Protect and enhance your RV exterior with awnings,Schützen und verschönern Sie das Äußere Ihres Wohnmobils mit Markisen.
meta.des.menu.4,,Convert your van into a fully functional mobile home with insulation,Verwandeln Sie Ihren Van mit Isolierung in ein voll funktionsfähiges Wohnmobil.
meta.des.menu.5,,Keep your vehicle running smoothly with auto parts and automotive accessories sourced directly from manufacturers. Discover engine components,Sorgen Sie mit Autoteilen und Zubehör direkt vom Hersteller für einen reibungslosen Fahrzeugbetrieb. Entdecken Sie Motorkomponenten.
meta.des.menu.6,,Enhance your RV experience with essential accessories for comfort,Verbessern Sie Ihr Wohnmobil-Erlebnis mit unverzichtbarem Komfortzubehör.
,,,#VALUE!
,,,#VALUE!
,,,#VALUE!
,Footer,,#VALUE!
,,,#VALUE!
footer.link.home,Lien footer Accueil,Home,Startseite
footer.link.sitemap,Lien footer Plan du site,Site map,Sitemap
footer.link.conditions,Lien footer Conditions,Terms of Use,Nutzungsbedingungen
footer.link.mentions,Lien footer Mentions légales,Legal notice,Rechtlicher Hinweis
footer.link.policy,Lien footer Politique,Privacy Policy,Datenschutzrichtlinie
footer.link.aboutus,Lien footer about us,About us,Über uns
,,,#VALUE!
,,,#VALUE!
legal.conditions.title,Titre page Conditions d'utilisation,Terms of Use - AliExpress Affiliate Program,Nutzungsbedingungen - AliExpress-Partnerprogramm
legal.mentions.title,Titre page Mentions légales,Legal Notice - AliExpress Affiliate Program,Rechtliche Hinweise – AliExpress-Partnerprogramm
legal.policy.title,Titre page Politique de confidentialité,Privacy Policy - AliExpress Affiliate Program,Datenschutzrichtlinie – AliExpress-Partnerprogramm
legal.aboutus.title,Titre page about us,About us – RV TRAVEL SHOP,Über uns – Wohnmobilreisegeschäft
,,,#VALUE!
legal.conditions.meta.description,Description SEO Conditions,AliExpress Affiliate Site Terms of Use,Nutzungsbedingungen der AliExpress-Partnerseite
legal.mentions.meta.description,Description SEO Mentions légales,Legal notices for the AliExpress affiliate website,Rechtliche Hinweise für die AliExpress-Partnerwebsite
legal.policy.meta.description,Description SEO Politique,AliExpress Affiliate Site Privacy Policy,Datenschutzrichtlinie der AliExpress-Partnerseite
legal.aboutus.meta.description,Description SEO About us,"About RV Travel Shop, affordable campervan gear, factory price RV parts, van life mission, reliable van equipment, budget-friendly motorhome gear.","Über RV Travel Shop: Günstige Campingausrüstung, Wohnmobilteile ab Werk, Vanlife-Mission, zuverlässige Van-Ausrüstung, budgetfreundliche Wohnmobilausrüstung."
,,,#VALUE!
legal.conditions.content,,"<p style=""margin-bottom: 2rem;"">Terms of Use Last updated: 2024</p>
<p style=""margin-bottom: 2rem;"">1. Acceptance of Terms By accessing and using this website, you agree to be bound by these terms of use. If you do not agree to these terms, please do not use this site.</p>
<p style=""margin-bottom: 2rem;"">2. Description of Service This site is an affiliate site that provides links to products available on AliExpress. We do not sell the products directly, but earn a commission on sales made through our affiliate links.</p>
<p style=""margin-bottom: 2rem;"">3. Affiliate Links All links to AliExpress are affiliate links. By clicking on these links and making a purchase, we may receive a commission at no additional cost to you.</p>
<p style=""margin-bottom: 2rem;"">4. Liability We are not responsible for the quality, availability, or delivery of products sold on AliExpress. All disputes concerning products must be resolved directly with AliExpress or the seller.</p>
<p style=""margin-bottom: 2rem;"">5. Intellectual Property The content of this site, including text, images, and logos, is protected by intellectual property laws. Any unauthorized reproduction is prohibited.</p>
<p style=""margin-bottom: 2rem;"">6. Modifications We reserve the right to modify these terms of use at any time. Modifications will take effect immediately upon their posting on the website.</p>
<p style=""margin-bottom: 2rem;"">7. Contact For any questions regarding these terms of use, you can contact us at: contact@evanstudio.com</p>","Nutzungsbedingungen (Letzte Aktualisierung: 2024)
1. Zustimmung zu den Nutzungsbedingungen: Durch den Zugriff auf und die Nutzung dieser Website erklären Sie sich mit diesen Nutzungsbedingungen einverstanden. Wenn Sie diesen Bedingungen nicht zustimmen, nutzen Sie diese Website bitte nicht.
2. Beschreibung des Dienstes: Diese Website ist eine Affiliate-Website, die Links zu Produkten auf AliExpress bereitstellt. Wir verkaufen die Produkte nicht direkt, sondern erhalten eine Provision für Verkäufe, die über unsere Affiliate-Links getätigt werden.
3. Affiliate-Links: Alle Links zu AliExpress sind Affiliate-Links. Wenn Sie auf diese Links klicken und einen Kauf tätigen, erhalten wir möglicherweise eine Provision, ohne dass Ihnen zusätzliche Kosten entstehen.
4. Haftung: Wir übernehmen keine Haftung für die Qualität, Verfügbarkeit oder Lieferung der auf AliExpress verkauften Produkte. Alle Streitigkeiten bezüglich Produkten müssen direkt mit AliExpress oder dem Verkäufer geklärt werden.</p>

5. Geistiges Eigentum: Die Inhalte dieser Website, einschließlich Texte, Bilder und Logos, sind urheberrechtlich geschützt. Jegliche unerlaubte Vervielfältigung ist untersagt.</p>

6. Änderungen: Wir behalten uns das Recht vor, diese Nutzungsbedingungen jederzeit zu ändern. Änderungen treten mit ihrer Veröffentlichung auf der Website sofort in Kraft.</p>

7. Kontakt: Bei Fragen zu diesen Nutzungsbedingungen kontaktieren Sie uns bitte unter: contact@evanstudio.com</p>"
,,,#VALUE!
legal.mentions.content,,"<p>Last updated: 2024</p>
<h2>1. Website Publisher</h2>
<ul>
    <li>Company name: EVAN STUDIO CO.LTD</li>
    <li>Email: contact@evanstudio.net</li>
</ul>
<h2>2. Publication Director</h2>
<p>EVAN STUDIO CO.LTD (Director and Owner)</p>
<h2>3. Hosting</h2>
<ul>
    <li>Host: Cloudflare</li>
    <li>Address: 101 Townsend St, San Francisco, CA 94107, USA</li>
</ul>
<h2>4. Intellectual Property</h2>
<p>This entire website is governed by French and international legislation on copyright and intellectual property. All rights of reproduction are reserved, including for downloadable documents and iconographic and photographic representations. Reproduction of all or part of this website on any electronic medium whatsoever is strictly prohibited without the express authorization of the publication director.</p>
<h2>5. Protection of Personal Data</h2>
<p>In accordance with the French Data Protection Act of 6 January 1978, as amended, and the General Data Protection Regulation (GDPR), you have the right to access, rectify, erase, and object to the processing of your personal data. To exercise this right, you can contact us at: contact@alxgroup.com</p>
<h2>6. External Links</h2>
<p>This site contains links to external websites. We are not responsible for the content of these external websites or their privacy policies.</p>
<h2>7. Cookies</h2>
<p>This site may use cookies to improve the user experience. For more information, please see our <a href=""https://policies.google.com/privacy?hl=en-US"">Privacy Policy</a>.</p>
<h2>8. Contact</h2>
<p>For any questions regarding these legal notices, you can contact us at: contact@evanstudio.com</p>","<p>Letzte Aktualisierung: 2024</p>
<h2>1. Website-Herausgeber</h2>
<ul>
<li>Firmenname: EVAN STUDIO CO.LTD</li>
<li>E-Mail: contact@evanstudio.net</li>
</ul>
<h2>2. Verantwortlicher für die Veröffentlichung</h2>
<p>EVAN STUDIO CO.LTD (Geschäftsführer und Inhaber)</p>
<h2>3. Hosting</h2>
<ul>
<li>Host: Cloudflare</li>
<li>Adresse: 101 Townsend St, San Francisco, CA 94107, USA</li>
</ul>
<h2>4. Geistiges Eigentum</h2>
<p>Diese gesamte Website unterliegt dem französischen und internationalen Urheberrecht. Alle Vervielfältigungsrechte sind vorbehalten, insbesondere für herunterladbare Dokumente sowie ikonografische und fotografische Darstellungen. Die Vervielfältigung dieser Website oder von Teilen davon auf jeglichen elektronischen Medien ist ohne die ausdrückliche Genehmigung des Herausgebers strengstens untersagt.</p>

5. Datenschutz

Gemäß dem französischen Datenschutzgesetz vom 6. Januar 1978 in seiner geänderten Fassung und der Datenschutz-Grundverordnung (DSGVO) haben Sie das Recht auf Auskunft, Berichtigung, Löschung und Widerspruch gegen die Verarbeitung Ihrer personenbezogenen Daten. Um dieses Recht auszuüben, kontaktieren Sie uns bitte unter: contact@alxgroup.com.

6. Externe Links

Diese Website enthält Links zu externen Websites. Wir sind nicht verantwortlich für die Inhalte dieser externen Websites oder deren Datenschutzrichtlinien.

7. Cookies

Diese Website verwendet möglicherweise Cookies, um die Benutzerfreundlichkeit zu verbessern. Weitere Informationen finden Sie in unserer <a href=""https://policies.google.com/privacy?hl=en-US"">Datenschutzrichtlinie</a>.

8. Kontakt</h2>
<p>Bei Fragen zu diesen rechtlichen Hinweisen können Sie uns unter contact@evanstudio.com kontaktieren.</p>"
,,,#VALUE!
legal.policy.content,,"<p>Last updated: 2024</p>
<h2>1. Introduction</h2>
<p>This privacy policy describes how we collect, use, and protect your personal information when you use our website.</p>
<h2>2. Data Collected</h2>
<ul>
    <li>Browsing data: IP address, browser type, pages visited, visit duration</li>
    <li>Cookies: to improve your user experience and analyze traffic</li>
    <li>Contact data: if you contact us via the form or email</li>
</ul>
<h2>3. Use of Data</h2>
<ul>
    <li>Improve the website's functionality</li>
    <li>Analyze website traffic and usage</li>
    <li>Contact you in response to your inquiries</li>
    <li>Comply with our legal obligations</li>
</ul>
<h2>4. Cookies</h2>
<ul>
    <li>Remember your preferences</li>
    <li>Analyze website traffic</li>
    <li>Improve the user experience</li>
</ul>
<p>You can disable cookies in your browser settings, but this may affect some website functionality.</p>
<h2>5. Data Sharing</h2>
<p>We do not sell, rent, or share your personal data with third parties, except:</p>
<ul>
    <li>When required by law</li>
    <li>With your explicit consent</li>
    <li>With our service providers (hosting, analytics) under a confidentiality agreement</li>
</ul>
<h2>6. Data Security</h2>
<p>We implement appropriate security measures to protect your personal data against unauthorized access, modification, disclosure, or destruction.</p>
<h2>7. Your Rights (GDPR)</h2>
<ul>
    <li>Right of access: you can request a copy of your personal data</li>
    <li>Right to rectification: you can correct your inaccurate data</li>
    <li>Right to erasure: you can request the deletion of your data</li>
    <li>Right to object: You can object to the processing of your personal data under certain circumstances.</li>
</ul>","<p>Letzte Aktualisierung: 2024</p>
<h2>1. Einleitung</h2>
<p>Diese Datenschutzerklärung beschreibt, wie wir Ihre personenbezogenen Daten erfassen, verwenden und schützen, wenn Sie unsere Website nutzen.</p>
<h2>2. Erfasste Daten</h2>
<ul>
<li>Browsing-Daten: IP-Adresse, Browsertyp, besuchte Seiten, Besuchsdauer</li>
<li>Cookies: zur Verbesserung Ihrer Benutzererfahrung und zur Analyse des Website-Traffics</li>
<li>Kontaktdaten: wenn Sie uns über das Formular oder per E-Mail kontaktieren</li>
</ul>
<h2>3. Verwendung der Daten</h2>
<ul>
<li>Verbesserung der Website-Funktionalität</li>
<li>Analyse des Website-Traffics und der Nutzung</li>
<li>Beantwortung Ihrer Anfragen</li>
<li>Erfüllung unserer rechtlichen Verpflichtungen</li>
</ul>
<h2>4. Cookies</h2>
<ul>
<li>Ihre Präferenzen speichern</li>
<li>Website-Traffic analysieren</li>
<li>Benutzererfahrung verbessern</li>
</ul>
<p>Sie können Cookies in Ihren Browsereinstellungen deaktivieren. Dies kann jedoch die Funktionalität der Website beeinträchtigen.</p>
<h2>5. Datenweitergabe</h2>
<p>Wir verkaufen, vermieten oder teilen Ihre personenbezogenen Daten nicht mit Dritten, außer:</p>
<ul>
<li>Wenn gesetzlich vorgeschrieben</li>
<li>Mit Ihrer ausdrücklichen Einwilligung</li>
<li>An unsere Dienstleister (Hosting, Analyse) im Rahmen einer Vertraulichkeitsvereinbarung</li>
</ul>
<h2>6. Datensicherheit</h2>
<p>Wir setzen geeignete Sicherheitsmaßnahmen ein, um Ihre personenbezogenen Daten vor unbefugtem Zugriff, Veränderung, Offenlegung oder Zerstörung zu schützen.</p>
<h2>7. Ihre Rechte (DSGVO)</h2>
<ul>

<li>Auskunftsrecht: Sie können eine Kopie Ihrer personenbezogenen Daten anfordern.</li>

<li>Recht auf Berichtigung: Sie können Ihre unrichtigen Daten berichtigen lassen.</li>

<li>Recht auf Löschung: Sie können die Löschung Ihrer Daten verlangen.</li>

<li>Widerspruchsrecht: Sie können der Verarbeitung Ihrer personenbezogenen Daten unter bestimmten Umständen widersprechen.</li>

</ul>"
,,,#VALUE!
,,,#VALUE!
,,,#VALUE!
,,,#VALUE!
legal.aboutus.content,,"<p>
RV TRAVEL SHOP was created with a simple goal: <strong>make motorhome and van equipment accessible to everyone at a fair price</strong>.
</p>

<p>
We work with numerous brands and manufacturers directly from specialized factories, notably through trusted platforms such as <strong>AliExpress</strong>. By sourcing as close to the production line as possible, we are able to offer <strong>factory-level prices</strong> while providing a wide selection of accessories for your nomadic journeys.
</p>

<h2>What We Offer</h2>

<p>
Our catalog covers a broad range of needs for the ""Van Life,"" including:
</p>

<p>
• Technical equipment and onboard power systems<br>
• Kitchen accessories and interior outfitting<br>
• Camping gear and outdoor furniture<br>
• Water, heating, and sanitation solutions<br>
• Storage and space optimization for vans
</p>

<h2>Our Approach</h2>

<p>
Instead of focusing on expensive marketing budgets or unnecessary intermediaries, RV TRAVEL SHOP prioritizes <strong>value, variety, and accessibility</strong>. This approach allows us to offer competitive pricing without compromising on the practicality and utility of our products.
</p>

<p>
We carefully select our items based on traveler demand, durability, and community feedback, ensuring we always meet the real-world needs of life on the road.
</p>

<h2>Our Philosophy</h2>

<p>
RV TRAVEL SHOP is for weekend warriors, digital nomads, and freedom seekers looking for <strong>reliable gear at the right price</strong>, without paying for unjustified markups.
</p>

<p>
<strong>Drive more. Explore more. Pay less.</strong><br>
That’s the RV TRAVEL SHOP philosophy.
</p>","<p>RV TRAVEL SHOP wurde mit einem einfachen Ziel gegründet: <strong>Wohnmobil- und Van-Ausrüstung für alle zu einem fairen Preis zugänglich zu machen</strong>.

</p>

<p>Wir arbeiten mit zahlreichen Marken und Herstellern direkt ab Werk zusammen, insbesondere über vertrauenswürdige Plattformen wie <strong>AliExpress</strong>. Durch die Beschaffung so nah wie möglich an der Produktionslinie können wir <strong>Preise auf Fabrikniveau</strong> anbieten und gleichzeitig eine große Auswahl an Zubehör für Ihre Reisen bereitstellen.

</p>

<h2>Unser Angebot</h2>

<p>
Unser Katalog deckt ein breites Spektrum an Bedürfnissen für das Leben im Van ab, darunter:
</p>

<p>
• Technische Ausrüstung und Bordstromsysteme<br>
• Küchenzubehör und Innenausstattung<br>
• Campingausrüstung und Outdoor-Möbel<br>
• Lösungen für Wasser, Heizung und Sanitäranlagen<br>
• Stauraum und optimale Raumausnutzung im Van
</p>

<h2>Unser Ansatz</h2>

<p> Anstatt auf teure Marketingbudgets oder unnötige Zwischenhändler zu setzen, priorisiert RV TRAVEL SHOP <strong>Preiswert, Vielfalt und Verfügbarkeit</strong>. Dieser Ansatz ermöglicht es uns, wettbewerbsfähige Preise anzubieten, ohne Kompromisse bei der Praktikabilität und dem Nutzen unserer Produkte einzugehen.

</p>

<p>
Wir wählen unsere Artikel sorgfältig nach den Bedürfnissen von Reisenden, ihrer Langlebigkeit und dem Feedback unserer Community aus, um sicherzustellen, dass wir stets den realen Anforderungen des Lebens unterwegs gerecht werden.

</p>

<h2>Unsere Philosophie</h2>

<p>RV TRAVEL SHOP ist für Wochenendausflügler, digitale Nomaden und Freiheitsliebende, die <strong>zuverlässige Ausrüstung zum fairen Preis</strong> suchen – ohne überhöhte Preise.

</p>

<p>
<strong>Mehr fahren. Mehr entdecken. Weniger bezahlen.</strong><br> Das ist die Philosophie von RV TRAVEL SHOP.

</p>"
,,,#VALUE!
,,,#VALUE!
,,,#VALUE!
footer.copyright,Texte copyright footer,© 2024 AliExpress Affiliate. All rights reserved.,© 2024 AliExpress Affiliate. Alle Rechte vorbehalten.
footer.contact,Texte contact footer,Contact us:,Kontaktieren Sie uns:
site.domain,Domaine du site (URL de base),https://rvtravelshop.com,https://rvtravelshop.com
site.contact.email,Adresse email de contact,contact@evanstudio.net,contact@evanstudio.net
,,,#VALUE!
,,,#VALUE!
,,,#VALUE!
,,,#VALUE!
,,,#VALUE!
,,,#VALUE!
,,,#VALUE!
,Index,,#VALUE!
,,,#VALUE!
site.meta.title,Titre SEO du site (page d'accueil),RV TRAVEL SHOP | Camping Car & Van Equipment at Factory Prices,Wohnmobil-Reisegeschäft | Campingausrüstung für Pkw und Vans zu Fabrikpreisen
site.meta.description,Description SEO du site (page d'accueil),"Shop quality van life and motorhome equipment. From solar kits to kitchen gear, get factory prices for your adventures. Drive more, pay less!","Hochwertige Ausrüstung für Vanlife und Wohnmobile finden Sie hier. Von Solaranlagen bis hin zu Küchenutensilien – sichern Sie sich Fabrikpreise für Ihre Abenteuer. Mehr fahren, weniger zahlen!"
homepage.hero.title,Titre principal de la page d'accueil (hero),Discover the Best Products of RV TRAVEL SHOP,Entdecken Sie die besten Produkte des Wohnmobilreiseshops
homepage.hero.subtitle,Sous-titre de la page d'accueil (hero),Exclusive offers and competitive prices for all your needs,Exklusive Angebote und wettbewerbsfähige Preise für all Ihre Bedürfnisse
homepage.hero.button,Texte du bouton hero,View Products,Produkte ansehen
homepage.hero.button.url,URL du lien du bouton hero,https://rvtravelshop.com,https://rvtravelshop.com
,,,#VALUE!
,,,#VALUE!
,,,#VALUE!
,,,#VALUE!
,,,#VALUE!
,,,#VALUE!
,,,#VALUE!
,,,#VALUE!
,,,#VALUE!
,,,#VALUE!
,,,#VALUE!
,,,#VALUE!
,,,#VALUE!
,,,#VALUE!
,,,#VALUE!
,,,#VALUE!
,,,#VALUE!
,,,#VALUE!
,,,#VALUE!
,,,#VALUE!
,presentation,,#VALUE!
,,,#VALUE!
homepage.presentation.title,Titre de la section présentation marque,About RV TRAVEL SHOP,Über den Wohnmobilreiseshop
homepage.presentation.content,Contenu de la section présentation marque,"RV TRAVEL SHOP is your premier destination for affordable campervan, motorhome, and van life equipment at factory prices. We offer a wide range of specialized gear sourced directly from manufacturers through trusted platforms like AliExpress. By working at the source, we eliminate unnecessary intermediaries to pass the savings directly to you. Our selection includes everything from solar power systems and interior fittings to outdoor camping gear and sanitation solutions. Whether you are a weekend adventurer or a full-time digital nomad, RV TRAVEL SHOP helps you stay equipped and ready for the road—without overpaying.","RV TRAVEL SHOP ist Ihre erste Adresse für preiswerte Ausrüstung für Campervans, Wohnmobile und Vanlife zu Fabrikpreisen. Wir bieten eine große Auswahl an Spezialausrüstung, die wir direkt von Herstellern über vertrauenswürdige Plattformen wie AliExpress beziehen. Durch den direkten Einkauf sparen wir unnötige Zwischenhändler und geben die Ersparnisse direkt an Sie weiter. Unser Sortiment umfasst alles von Solaranlagen und Innenausstattung bis hin zu Campingausrüstung und Sanitärlösungen. Ob Wochenendausflügler oder digitaler Nomade – RV TRAVEL SHOP hilft Ihnen, bestens ausgerüstet und bereit für die Reise zu sein – ohne zu viel zu bezahlen."
,,,#VALUE!
,,,#VALUE!
,,,#VALUE!
,,,#VALUE!
,,,#VALUE!
,,,#VALUE!
homepage.advantages.title,Titre de la section avantages,</section>,</section>
homepage.advantages.factory_price.title,Titre avantage: Prix Direct Usine,Factory Direct Price,Direkt vom Hersteller zum Preis
homepage.advantages.factory_price.description,Description avantage: Prix Direct Usine,Benefit from factory-direct pricing without intermediaries.,Profitieren Sie von Preisen direkt ab Werk ohne Zwischenhändler.
homepage.advantages.worldwide_shipping.title,Titre avantage: Livraison Mondiale,Worldwide Delivery,Weltweiter Versand
homepage.advantages.worldwide_shipping.description,Description avantage: Livraison Mondiale,Worldwide delivery for all your needs,Weltweiter Versand für all Ihre Bedürfnisse
homepage.advantages.customer_service.title,Titre avantage: Service Après-Vente Réactif,Responsive After-Sales Service,Reaktionsschneller Kundendienst
homepage.advantages.customer_service.description,Description avantage: Service Après-Vente Réactif,A responsive and available after-sales service to assist you,Ein reaktionsschneller und jederzeit erreichbarer Kundendienst steht Ihnen zur Seite.
homepage.advantages.secure_payment.title,Titre avantage: Paiement Sécurisé,Secure Payment,Sichere Zahlung
homepage.advantages.secure_payment.description,Description avantage: Paiement Sécurisé,Secure payment by credit card with maximum protection,Sichere Zahlung per Kreditkarte mit maximalem Schutz
homepage.faq.title,Titre de la section FAQ,Frequently Asked Questions,Häufig gestellte Fragen
homepage.categories.title,Titre de la section catégories,Our Categories,Unsere Kategorien
homepage.testimonials.title,Titre de la section témoignages,Customer Reviews,Kundenrezensionen
homepage.stats.title,Titre de la section statistiques,Our Key Figures,Unsere wichtigsten Kennzahlen
homepage.stats.products.number,Nombre de produits,2800,2800
homepage.stats.products.label,Label produits,Products Available,Verfügbare Produkte
homepage.stats.countries.number,Nombre de pays,108,108
homepage.stats.countries.label,Label pays,Country of Delivery,Lieferland
homepage.stats.satisfaction.number,Taux de satisfaction,98 %,98 %
homepage.stats.satisfaction.label,Label satisfaction,Customer Satisfaction,Kundenzufriedenheit
homepage.stats.support.number,Support client,24/7,24/7
homepage.stats.support.label,Label support,Customer Service,Kundendienst
homepage.testimonials.1.name,Nom du témoignage 1,Jack D.,Jack D.
homepage.testimonials.1.text,Texte du témoignage 1,"Excellent service! I ordered a rooftop car tent and I’m extremely satisfied. The quality is outstanding, the delivery was fast, and the packaging was secure. The tent is exactly as described—strong, comfortable, and very easy to set up. It has completely upgraded our road trips and camping experience. I highly recommend it without hesitation.","Exzellenter Service! Ich habe ein Dachzelt fürs Auto bestellt und bin absolut begeistert. Die Qualität ist hervorragend, die Lieferung erfolgte schnell und die Verpackung war sicher. Das Zelt entspricht genau der Beschreibung – robust, komfortabel und kinderleicht aufzubauen. Es hat unsere Roadtrips und Campingausflüge deutlich verbessert. Ich kann es uneingeschränkt empfehlen."
homepage.testimonials.2.name,Nom du témoignage 2,Marine G.,Marine G.
homepage.testimonials.2.text,Texte du témoignage 2,"Excellent value for money. I bought a gas heater for my camper van and it fully matches the description. The heater is efficient, reliable, and well built, providing fast and consistent warmth even in cold conditions. Delivery was on time, the packaging was secure, and the product exceeded my expectations.","Ausgezeichnetes Preis-Leistungs-Verhältnis. Ich habe eine Gasheizung für mein Wohnmobil gekauft und sie entspricht voll und ganz der Beschreibung. Die Heizung ist effizient, zuverlässig und robust gebaut und spendet selbst bei Kälte schnell und gleichmäßig Wärme. Die Lieferung erfolgte pünktlich, die Verpackung war sicher und das Produkt hat meine Erwartungen übertroffen."
homepage.testimonials.3.name,Nom du témoignage 3,Fabrice L.,Fabrice L.
homepage.testimonials.3.text,Texte du témoignage 3,"Perfect! I ordered outdoor camping chairs and I’m very satisfied. The quality is excellent, the price is competitive, and the delivery went smoothly. The chairs are sturdy, comfortable, and well designed, making them ideal for camping, road trips, and outdoor use. I will definitely be back!","Perfekt! Ich habe Campingstühle bestellt und bin sehr zufrieden. Die Qualität ist hervorragend, der Preis ist wettbewerbsfähig und die Lieferung verlief reibungslos. Die Stühle sind robust, bequem und gut verarbeitet – ideal für Camping, Roadtrips und andere Outdoor-Aktivitäten. Ich werde definitiv wieder bestellen!"
homepage.testimonials.4.name,Nom du témoignage 4,Rose K.,Rose K.
homepage.testimonials.4.text,Texte du témoignage 4,"Responsive customer service and quality product. I had a quick question before ordering and received a prompt and helpful reply. The inflatable mattress perfectly matches the photos and description. The build quality is excellent, it inflates easily, and it’s very comfortable for sleeping. It performed exactly as expected and made our camping nights much more enjoyable. Very satisfied with my purchase!

","Schneller Kundenservice und ein hochwertiges Produkt. Ich hatte vor der Bestellung eine kurze Frage und erhielt umgehend eine hilfreiche Antwort. Die Luftmatratze entspricht genau den Fotos und der Beschreibung. Die Verarbeitungsqualität ist hervorragend, sie lässt sich leicht aufblasen und ist sehr bequem. Sie hat meine Erwartungen voll erfüllt und unsere Campingnächte deutlich angenehmer gemacht. Ich bin sehr zufrieden mit meinem Kauf!

"
,,,#VALUE!
,,,#VALUE!
,,,#VALUE!
,,,#VALUE!
,FAQ,,#VALUE!
homepage.faq.1.question,Question FAQ 1,What are the delivery times?,Wie lange sind die Lieferzeiten?
homepage.faq.1.answer,Réponse FAQ 1,"Delivery times vary depending on your location and the seller. Generally, standard delivery takes between 15 and 30 business days. Some sellers offer express delivery (7-15 days) for an additional fee. You can check the exact delivery times on each AliExpress product page before placing your order.",Die Lieferzeiten variieren je nach Standort und Verkäufer. In der Regel dauert die Standardlieferung 15 bis 30 Werktage. Einige Verkäufer bieten gegen Aufpreis Expressversand (7–15 Tage) an. Die genauen Lieferzeiten können Sie vor Ihrer Bestellung auf der jeweiligen AliExpress-Produktseite einsehen.
homepage.faq.2.question,Question FAQ 2,What payment methods are accepted?,Welche Zahlungsmethoden werden akzeptiert?
homepage.faq.2.answer,Réponse FAQ 2,"AliExpress accepts several secure payment methods: credit cards (Visa, Mastercard), PayPal, bank transfer, and other methods depending on your country. All payments are secure and protected by AliExpress's Buyer Protection system. You will only be charged once your order has shipped.","AliExpress akzeptiert verschiedene sichere Zahlungsmethoden: Kreditkarten (Visa, Mastercard), PayPal, Banküberweisung und weitere, abhängig von Ihrem Land. Alle Zahlungen sind durch den AliExpress-Käuferschutz geschützt. Die Belastung Ihres Kontos erfolgt erst nach Versand Ihrer Bestellung."
homepage.faq.3.question,Question FAQ 3,Is there a warranty on the products?,Gibt es eine Garantie auf die Produkte?
homepage.faq.3.answer,Réponse FAQ 3,"Yes, all products sold on AliExpress are covered by the AliExpress Buyer Guarantee. This guarantee covers defective products, products that do not match the description, or products that were not received. You generally have 15 days after receipt to open a dispute if necessary. In addition, many sellers offer their own extended warranties (6 months, 1 year, etc.), which you can find on the product page.","Ja, alle auf AliExpress verkauften Produkte sind durch die AliExpress-Käufergarantie abgedeckt. Diese Garantie deckt defekte Produkte, Produkte, die nicht der Beschreibung entsprechen, oder nicht gelieferte Produkte ab. Sie haben in der Regel 15 Tage nach Erhalt Zeit, um gegebenenfalls einen Streitfall zu eröffnen. Darüber hinaus bieten viele Verkäufer eigene Garantieverlängerungen (6 Monate, 1 Jahr usw.) an, die Sie auf der Produktseite finden."
homepage.faq.4.question,Question FAQ 4,What should I do if there's a problem with my order?,"Was soll ich tun, wenn es ein Problem mit meiner Bestellung gibt?"
homepage.faq.4.answer,Réponse FAQ 4,"If you encounter a problem (defective product, not received, non-compliant), you can open a dispute directly from your AliExpress account in the ""My Orders"" section. AliExpress customer service will assist you in resolving the issue. Most disputes are resolved quickly, often in your favor if you provide the necessary evidence (photos, description of the problem).","Sollten Sie ein Problem haben (defektes Produkt, nicht erhalten, nicht konform), können Sie direkt über Ihr AliExpress-Konto im Bereich „Meine Bestellungen“ eine Streitigkeit eröffnen. Der AliExpress-Kundenservice unterstützt Sie bei der Lösung des Problems. Die meisten Streitfälle werden schnell und oft zu Ihren Gunsten gelöst, wenn Sie die erforderlichen Beweise (Fotos, Problembeschreibung) vorlegen."
homepage.faq.5.question,Question FAQ 5,Are the products authentic and of good quality?,Sind die Produkte authentisch und von guter Qualität?
homepage.faq.5.answer,Réponse FAQ 5,"We select only quality products from verified and positively rated sellers on AliExpress. Each product displays customer reviews and ratings, allowing you to check the quality before purchasing. We recommend reading reviews and checking photos shared by customers to ensure the product meets your expectations.","Wir wählen ausschließlich Qualitätsprodukte von verifizierten und positiv bewerteten Verkäufern auf AliExpress aus. Jedes Produkt wird mit Kundenrezensionen und -bewertungen angezeigt, sodass Sie die Qualität vor dem Kauf prüfen können. Wir empfehlen Ihnen, die Rezensionen und Fotos anderer Kunden zu lesen, um sicherzustellen, dass das Produkt Ihren Erwartungen entspricht."
homepage.bestsellers.title,Titre de la section Best Sellers,Best Sellers,Bestseller
button.view_products,"Texte bouton ""Voir les Produits""",View Products,Produkte ansehen
button.view_on_aliexpress,"Texte bouton ""Voir sur AliExpress""",View on AliExpress,Auf AliExpress ansehen
button.discover_reviews,"Texte bouton ""Découvrez les X avis""",Discover the,Entdecken Sie die
button.positive_reviews,"Texte ""avis positifs sur AliExpress""",Positive reviews on AliExpress,Positive Bewertungen auf AliExpress