key,description,en,no_auto
,,,#VALUE!
,menu,,#VALUE!
home.en,,Home,Hjem
menu.1,,Truck Camper,Truck Camper
menu.2,,RV Interior,Interiør
menu.3,,RV Exterior,Eksteriør
menu.4,,Van Equipment,Vanlife
menu.5,,Auto Parts,Bildeler
menu.6,,RV Accessories ,Tilbehør
,,,#VALUE!
descripton.1,,"Transform your pickup truck into a fully functional mobile home with our comprehensive selection of truck camper equipment and accessories. Whether you're planning weekend getaways or extended road trips, our range includes everything needed to create a comfortable and efficient living space on your truck bed. From slide-in campers and pop-up shells to essential amenities like storage solutions, electrical systems, and insulation kits, we offer practical and affordable options sourced directly from manufacturers. Our truck camper collection focuses on durability, space optimization, and ease of installation, ensuring your vehicle conversion meets your specific travel needs. Whether you're a weekend warrior or a full-time nomad, discover reliable gear that maximizes your truck's potential while maintaining factory-direct pricing. Explore our selection of camper shells, tie-down systems, and interior components designed to enhance comfort and functionality on every adventure.","Forvandle pickupen din til et fullt funksjonelt bobil med vårt omfattende utvalg av utstyr og tilbehør til campingvogner. Enten du planlegger weekendturer eller lengre bilturer, inkluderer utvalget vårt alt som trengs for å skape et komfortabelt og effektivt boareal på lasteplanet ditt. Fra campingvogner med skyvefunksjon og popup-skall til viktige fasiliteter som oppbevaringsløsninger, elektriske systemer og isolasjonssett, tilbyr vi praktiske og rimelige alternativer hentet direkte fra produsenter. Vår kolleksjon av campingvogner fokuserer på holdbarhet, plassoptimalisering og enkel installasjon, slik at kjøretøykonverteringen din oppfyller dine spesifikke reisebehov. Enten du er en helgekriger eller en heltidsnomade, oppdag pålitelig utstyr som maksimerer lastebilens potensial samtidig som du opprettholder fabrikk-direkte-priser. Utforsk vårt utvalg av campingvognskall, surresystemer og interiørkomponenter designet for å forbedre komfort og funksjonalitet på ethvert eventyr."
descripton.2,,"Create a comfortable and functional living space inside your RV with our comprehensive selection of interior equipment and accessories. Our range includes everything needed to transform your recreational vehicle into a true home on wheels, from furniture and storage solutions to appliances and decorative elements. Whether you're renovating an existing RV or customizing a new one, we offer practical and affordable options sourced directly from manufacturers. Our RV interior collection focuses on space efficiency, durability, and style, ensuring every component enhances your mobile living experience. From compact kitchen appliances and space-saving furniture to climate control systems and lighting solutions, discover reliable gear that maximizes comfort and functionality. Whether you're a weekend camper or a full-time RVer, explore our selection of interior accessories designed to make your RV feel like home while maintaining factory-direct pricing.","Skap et komfortabelt og funksjonelt boareal i bobilen din med vårt omfattende utvalg av interiørutstyr og tilbehør. Vårt utvalg inkluderer alt som trengs for å forvandle fritidskjøretøyet ditt til et ekte hjem på hjul, fra møbler og oppbevaringsløsninger til hvitevarer og dekorative elementer. Enten du renoverer en eksisterende bobil eller tilpasser en ny, tilbyr vi praktiske og rimelige alternativer hentet direkte fra produsenter. Vår bobilinteriørkolleksjon fokuserer på plasseffektivitet, holdbarhet og stil, og sørger for at hver komponent forbedrer din mobile boopplevelse. Fra kompakte kjøkkenapparater og plassbesparende møbler til klimaanlegg og belysningsløsninger, oppdag pålitelig utstyr som maksimerer komfort og funksjonalitet. Enten du er en weekendcamper eller en heltidsbobilbruker, utforsk vårt utvalg av interiørtilbehør designet for å få bobilen din til å føles som hjemme samtidig som du opprettholder fabrikk-direkte priser."
descripton.3,,"Protect and enhance your RV's exterior with our extensive range of equipment and accessories designed for durability, functionality, and style. Our selection includes everything needed to maintain and upgrade your recreational vehicle's outer components, from awnings and covers to lighting systems and storage solutions. Whether you're looking to extend your living space, protect your investment, or improve your RV's appearance, we offer practical and affordable options sourced directly from manufacturers. Our RV exterior collection features weather-resistant materials, easy installation, and long-lasting performance that withstands the elements. From retractable awnings and solar panels to bike racks and storage compartments, discover reliable gear that enhances your RV's capabilities. Whether you're preparing for a weekend trip or a long-term adventure, explore our selection of exterior accessories designed to maximize your RV's potential while maintaining factory-direct pricing.","Beskytt og forbedre bobilens eksteriør med vårt omfattende utvalg av utstyr og tilbehør designet for holdbarhet, funksjonalitet og stil. Utvalget vårt inkluderer alt som trengs for å vedlikeholde og oppgradere bobilens ytre komponenter, fra markiser og overtrekk til belysningssystemer og oppbevaringsløsninger. Enten du ønsker å utvide boarealet ditt, beskytte investeringen din eller forbedre bobilens utseende, tilbyr vi praktiske og rimelige alternativer hentet direkte fra produsenter. Vår kolleksjon av eksteriør til bobiler har værbestandige materialer, enkel installasjon og langvarig ytelse som tåler elementene. Fra uttrekkbare markiser og solcellepaneler til sykkelstativer og oppbevaringsrom, oppdag pålitelig utstyr som forbedrer bobilens muligheter. Enten du forbereder deg på en weekendtur eller et langvarig eventyr, kan du utforske vårt utvalg av eksteriørtilbehør designet for å maksimere bobilens potensial samtidig som du opprettholder fabrikkprisene."
descripton.4,,"Equip your van for adventure with our comprehensive selection of van conversion equipment and accessories designed for comfort, functionality, and efficiency. Our range includes everything needed to transform your van into a fully functional mobile living space, from insulation and flooring to electrical systems and storage solutions. Whether you're building a weekend camper van or a full-time home on wheels, we offer practical and affordable options sourced directly from manufacturers. Our van equipment collection focuses on space optimization, durability, and ease of installation, ensuring your conversion meets your specific travel and living needs. From roof vents and solar power systems to modular furniture and kitchen components, discover reliable gear that maximizes your van's potential. Whether you're a DIY enthusiast or working with a professional converter, explore our selection designed to create the perfect mobile home while maintaining factory-direct pricing.","Utstyr varebilen din for eventyr med vårt omfattende utvalg av utstyr og tilbehør til varebilkonvertering, designet for komfort, funksjonalitet og effektivitet. Vårt utvalg inkluderer alt som trengs for å forvandle varebilen din til et fullt funksjonelt mobilt boareal, fra isolasjon og gulv til elektriske systemer og oppbevaringsløsninger. Enten du bygger en campingbil til helgen eller et heltidsbolig på hjul, tilbyr vi praktiske og rimelige alternativer hentet direkte fra produsenter. Vår kolleksjon av varebilutstyr fokuserer på plassoptimalisering, holdbarhet og enkel installasjon, slik at konverteringen din oppfyller dine spesifikke reise- og bobehov. Fra takventiler og solenergisystemer til modulære møbler og kjøkkenkomponenter, oppdag pålitelig utstyr som maksimerer varebilens potensial. Enten du er en gjør-det-selv-entusiast eller jobber med en profesjonell ombygger, utforsk vårt utvalg som er designet for å skape det perfekte mobile hjemmet samtidig som du opprettholder fabrikk-direkte priser."
descripton.5,,"Keep your vehicle running smoothly and safely with our extensive selection of auto parts and automotive accessories sourced directly from manufacturers. Our range includes essential components for maintenance, repair, and performance enhancement, from engine parts and filters to brake systems and electrical components. Whether you're performing routine maintenance or addressing specific issues, we offer practical and affordable options that meet or exceed OEM specifications. Our auto parts collection features reliable quality, easy installation, and excellent value, ensuring your vehicle performs at its best. From oil filters and spark plugs to suspension components and lighting systems, discover trusted parts that maintain your vehicle's reliability and performance. Whether you're a DIY mechanic or a professional technician, explore our selection of auto parts designed to keep your vehicle in top condition while maintaining factory-direct pricing.","Hold kjøretøyet ditt i gang jevnt og trygt med vårt omfattende utvalg av bildeler og biltilbehør som er hentet direkte fra produsenter. Vårt utvalg inkluderer viktige komponenter for vedlikehold, reparasjon og ytelsesforbedring, fra motordeler og filtre til bremsesystemer og elektriske komponenter. Enten du utfører rutinemessig vedlikehold eller tar tak i spesifikke problemer, tilbyr vi praktiske og rimelige alternativer som oppfyller eller overgår OEM-spesifikasjoner. Vår bildelsamling har pålitelig kvalitet, enkel installasjon og utmerket verdi, noe som sikrer at kjøretøyet ditt yter best mulig. Fra oljefiltre og tennplugger til hjulopphengskomponenter og lyssystemer, oppdag pålitelige deler som opprettholder kjøretøyets pålitelighet og ytelse. Enten du er en gjør-det-selv-mekaniker eller en profesjonell tekniker, utforsk vårt utvalg av bildeler som er designet for å holde kjøretøyet ditt i topp stand samtidig som du opprettholder fabrikkprising."
descripton.6,,"Enhance your RV experience with our comprehensive selection of accessories designed to improve comfort, convenience, and functionality on every journey. Our range includes essential add-ons and upgrades that make RV living more enjoyable, from leveling blocks and stabilizer jacks to water management systems and security devices. Whether you're a new RV owner or a seasoned traveler, we offer practical and affordable options sourced directly from manufacturers. Our RV accessories collection focuses on quality, durability, and ease of use, ensuring every product enhances your mobile lifestyle. From sewer hoses and electrical adapters to interior organization solutions and outdoor entertainment equipment, discover reliable gear that makes RV travel more comfortable and stress-free. Whether you're planning weekend getaways or extended adventures, explore our selection of RV accessories designed to maximize your enjoyment on the road while maintaining factory-direct pricing.","Forbedre bobilopplevelsen din med vårt omfattende utvalg av tilbehør som er utviklet for å forbedre komfort, bekvemmelighet og funksjonalitet på hver reise. Vårt utvalg inkluderer viktige tillegg og oppgraderinger som gjør bobillivet morsommere, fra nivelleringsklosser og stabilisatorjekker til vannhåndteringssystemer og sikkerhetsenheter. Enten du er en ny bobileier eller en erfaren reisende, tilbyr vi praktiske og rimelige alternativer hentet direkte fra produsenter. Vår kolleksjon av bobiltilbehør fokuserer på kvalitet, holdbarhet og brukervennlighet, og sikrer at hvert produkt forbedrer din mobile livsstil. Fra kloakkslanger og elektriske adaptere til interiørorganiseringsløsninger og utendørs underholdningsutstyr, oppdag pålitelig utstyr som gjør bobilreiser mer komfortable og stressfrie. Enten du planlegger weekendturer eller lengre eventyr, utforsk vårt utvalg av bobiltilbehør som er utviklet for å maksimere gleden din på veien samtidig som du opprettholder fabrikk-direkte priser."
,,,#VALUE!
meta.title.menu.1,,Truck Camper Equipment & Accessories | Factory Prices,Utstyr og tilbehør til campingvogner og lastebiler | Fabrikkpriser
meta.title.menu.2,,RV Interior Equipment & Accessories | Factory Prices,Bobilinnredning og tilbehør | Fabrikkpriser
meta.title.menu.3,,RV Exterior Equipment & Accessories | Factory Prices,Utvendig utstyr og tilbehør til bobiler | Fabrikkpriser
meta.title.menu.4,,Van Conversion Equipment & Accessories | Factory Prices,Utstyr og tilbehør for varebilkonvertering | Fabrikkpriser
meta.title.menu.5,,Auto Parts & Automotive Accessories | Factory Prices,Bildeler og biltilbehør | Fabrikkpriser
meta.title.menu.6,,RV Accessories & Camping Essentials | Factory Prices,Bobiltilbehør og campingutstyr | Fabrikkpriser
,,,#VALUE!
meta.des.menu.1,,Transform your pickup truck into a mobile home with comprehensive truck camper equipment and accessories. Discover slide-in campers,Forvandle pickupen din til et mobilhjem med omfattende utstyr og tilbehør til campingvogner. Oppdag campingvogner med skyvefunksjon
meta.des.menu.2,,Create a comfortable and functional RV interior with furniture,Skap et komfortabelt og funksjonelt bobilinteriør med møbler
meta.des.menu.3,,Protect and enhance your RV exterior with awnings,Beskytt og forbedre bobilens eksteriør med markiser
meta.des.menu.4,,Convert your van into a fully functional mobile home with insulation,Gjør varebilen din om til et fullt funksjonelt mobilhjem med isolasjon
meta.des.menu.5,,Keep your vehicle running smoothly with auto parts and automotive accessories sourced directly from manufacturers. Discover engine components,Hold kjøretøyet ditt i gang uten problemer med bildeler og biltilbehør som kommer direkte fra produsenter. Oppdag motorkomponenter
meta.des.menu.6,,Enhance your RV experience with essential accessories for comfort,Forbedre bobilopplevelsen din med viktig tilbehør for komfort
,,,#VALUE!
,,,#VALUE!
,,,#VALUE!
,Footer,,#VALUE!
,,,#VALUE!
footer.link.home,Lien footer Accueil,Home,Hjem
footer.link.sitemap,Lien footer Plan du site,Site map,Nettstedskart
footer.link.conditions,Lien footer Conditions,Terms of Use,Bruksvilkår
footer.link.mentions,Lien footer Mentions légales,Legal notice,Juridisk merknad
footer.link.policy,Lien footer Politique,Privacy Policy,Personvernerklæring
footer.link.aboutus,Lien footer about us,About us,Om oss
,,,#VALUE!
,,,#VALUE!
legal.conditions.title,Titre page Conditions d'utilisation,Terms of Use - AliExpress Affiliate Program,Bruksvilkår – AliExpress-tilknyttet program
legal.mentions.title,Titre page Mentions légales,Legal Notice - AliExpress Affiliate Program,Juridisk merknad – AliExpress-tilknyttet program
legal.policy.title,Titre page Politique de confidentialité,Privacy Policy - AliExpress Affiliate Program,Personvernerklæring – AliExpress-tilknyttet program
legal.aboutus.title,Titre page about us,About us – RV TRAVEL SHOP,Om oss – RV-REISEBUTIKK
,,,#VALUE!
legal.conditions.meta.description,Description SEO Conditions,AliExpress Affiliate Site Terms of Use,Bruksvilkår for AliExpress-tilknyttede nettsteder
legal.mentions.meta.description,Description SEO Mentions légales,Legal notices for the AliExpress affiliate website,Juridiske merknader for AliExpress-tilknyttede nettsteder
legal.policy.meta.description,Description SEO Politique,AliExpress Affiliate Site Privacy Policy,AliExpress tilknyttede nettsteds personvernregler
legal.aboutus.meta.description,Description SEO About us,"About RV Travel Shop, affordable campervan gear, factory price RV parts, van life mission, reliable van equipment, budget-friendly motorhome gear.","Om RV Travel Shop, rimelig bobilutstyr, bobildeler til fabrikkpris, van life mission, pålitelig varebilutstyr, budsjettvennlig bobilutstyr."
,,,#VALUE!
legal.conditions.content,,"<p style=""margin-bottom: 2rem;"">Terms of Use Last updated: 2024</p>
<p style=""margin-bottom: 2rem;"">1. Acceptance of Terms By accessing and using this website, you agree to be bound by these terms of use. If you do not agree to these terms, please do not use this site.</p>
<p style=""margin-bottom: 2rem;"">2. Description of Service This site is an affiliate site that provides links to products available on AliExpress. We do not sell the products directly, but earn a commission on sales made through our affiliate links.</p>
<p style=""margin-bottom: 2rem;"">3. Affiliate Links All links to AliExpress are affiliate links. By clicking on these links and making a purchase, we may receive a commission at no additional cost to you.</p>
<p style=""margin-bottom: 2rem;"">4. Liability We are not responsible for the quality, availability, or delivery of products sold on AliExpress. All disputes concerning products must be resolved directly with AliExpress or the seller.</p>
<p style=""margin-bottom: 2rem;"">5. Intellectual Property The content of this site, including text, images, and logos, is protected by intellectual property laws. Any unauthorized reproduction is prohibited.</p>
<p style=""margin-bottom: 2rem;"">6. Modifications We reserve the right to modify these terms of use at any time. Modifications will take effect immediately upon their posting on the website.</p>
<p style=""margin-bottom: 2rem;"">7. Contact For any questions regarding these terms of use, you can contact us at: contact@evanstudio.com</p>","<p style=""margin-bottom: 2rem;"">Bruksvilkår Sist oppdatert: 2024</p>
<p style=""margin-bottom: 2rem;"">1. Aksept av vilkår Ved å gå inn på og bruke dette nettstedet, godtar du å være bundet av disse bruksvilkårene. Hvis du ikke godtar disse vilkårene, må du ikke bruke dette nettstedet.</p>
<p style=""margin-bottom: 2rem;"">2. Beskrivelse av tjenesten Dette nettstedet er et tilknyttet nettsted som tilbyr lenker til produkter som er tilgjengelige på AliExpress. Vi selger ikke produktene direkte, men tjener provisjon på salg gjort gjennom våre tilknyttede lenker.</p>
<p style=""margin-bottom: 2rem;"">3. Tilknyttede lenker Alle lenker til AliExpress er tilknyttede lenker. Ved å klikke på disse lenkene og foreta et kjøp, kan vi motta en provisjon uten ekstra kostnad for deg.</p>
<p style=""margin-bottom: 2rem;"">4. Ansvar Vi er ikke ansvarlige for kvaliteten, tilgjengeligheten eller leveringen av produkter som selges på AliExpress. Alle tvister angående produkter må løses direkte med AliExpress eller selgeren.</p>
<p style=""margin-bottom: 2rem;"">5. Immaterielle rettigheter Innholdet på dette nettstedet, inkludert tekst, bilder og logoer, er beskyttet av lover om immaterielle rettigheter. All uautorisert reproduksjon er forbudt.</p>
<p style=""margin-bottom: 2rem;"">6. Endringer Vi forbeholder oss retten til å endre disse bruksvilkårene når som helst. Endringer trer i kraft umiddelbart etter at de publiseres på nettstedet.</p>
<p style=""margin-bottom: 2rem;"">7. Kontakt Hvis du har spørsmål angående disse bruksvilkårene, kan du kontakte oss på: contact@evanstudio.com</p>"
,,,#VALUE!
legal.mentions.content,,"<p>Last updated: 2024</p>
<h2>1. Website Publisher</h2>
<ul>
    <li>Company name: EVAN STUDIO CO.LTD</li>
    <li>Email: contact@evanstudio.net</li>
</ul>
<h2>2. Publication Director</h2>
<p>EVAN STUDIO CO.LTD (Director and Owner)</p>
<h2>3. Hosting</h2>
<ul>
    <li>Host: Cloudflare</li>
    <li>Address: 101 Townsend St, San Francisco, CA 94107, USA</li>
</ul>
<h2>4. Intellectual Property</h2>
<p>This entire website is governed by French and international legislation on copyright and intellectual property. All rights of reproduction are reserved, including for downloadable documents and iconographic and photographic representations. Reproduction of all or part of this website on any electronic medium whatsoever is strictly prohibited without the express authorization of the publication director.</p>
<h2>5. Protection of Personal Data</h2>
<p>In accordance with the French Data Protection Act of 6 January 1978, as amended, and the General Data Protection Regulation (GDPR), you have the right to access, rectify, erase, and object to the processing of your personal data. To exercise this right, you can contact us at: contact@alxgroup.com</p>
<h2>6. External Links</h2>
<p>This site contains links to external websites. We are not responsible for the content of these external websites or their privacy policies.</p>
<h2>7. Cookies</h2>
<p>This site may use cookies to improve the user experience. For more information, please see our <a href=""https://policies.google.com/privacy?hl=en-US"">Privacy Policy</a>.</p>
<h2>8. Contact</h2>
<p>For any questions regarding these legal notices, you can contact us at: contact@evanstudio.com</p>","<p>Sist oppdatert: 2024</p>
<h2>1. Nettstedsutgiver</h2>
<ul>
<li>Firmanavn: EVAN STUDIO CO.LTD</li>
<li>E-post: contact@evanstudio.net</li>
</ul>
<h2>2. Publikasjonsdirektør</h2>
<p>EVAN STUDIO CO.LTD (Direktør og eier)</p>
<h2>3. Hosting</h2>
<ul>
<li>Host: Cloudflare</li>
<li>Adresse: 101 Townsend St, San Francisco, CA 94107, USA</li>
</ul>
<h2>4. Immateriell eiendom</h2>
<p>Hele dette nettstedet er underlagt fransk og internasjonal lovgivning om opphavsrett og immateriell eiendom. Alle rettigheter til reproduksjon er forbeholdt, inkludert nedlastbare dokumenter og ikonografiske og fotografiske representasjoner. Reproduksjon av hele eller deler av dette nettstedet på ethvert elektronisk medium er strengt forbudt uten uttrykkelig tillatelse fra publiseringssjefen.</p>
<h2>5. Beskyttelse av personopplysninger</h2>
<p>I samsvar med den franske personvernloven av 6. januar 1978, med endringer, og personvernforordningen (GDPR), har du rett til å få tilgang til, rette, slette og protestere mot behandlingen av dine personopplysninger. For å utøve denne retten kan du kontakte oss på: contact@alxgroup.com</p>
<h2>6. Eksterne lenker</h2>
<p>Dette nettstedet inneholder lenker til eksterne nettsteder. Vi er ikke ansvarlige for innholdet på disse eksterne nettstedene eller deres personvernregler.</p>
<h2>7. Informasjonskapsler</h2>
<p>Dette nettstedet kan bruke informasjonskapsler for å forbedre brukeropplevelsen. For mer informasjon, se vår <a href=""https://policies.google.com/privacy?hl=en-US"">personvernpolicy</a>.</p>
<h2>8. Kontakt</h2>
<p>Hvis du har spørsmål angående disse juridiske merknadene, kan du kontakte oss på: contact@evanstudio.com</p>"
,,,#VALUE!
legal.policy.content,,"<p>Last updated: 2024</p>
<h2>1. Introduction</h2>
<p>This privacy policy describes how we collect, use, and protect your personal information when you use our website.</p>
<h2>2. Data Collected</h2>
<ul>
    <li>Browsing data: IP address, browser type, pages visited, visit duration</li>
    <li>Cookies: to improve your user experience and analyze traffic</li>
    <li>Contact data: if you contact us via the form or email</li>
</ul>
<h2>3. Use of Data</h2>
<ul>
    <li>Improve the website's functionality</li>
    <li>Analyze website traffic and usage</li>
    <li>Contact you in response to your inquiries</li>
    <li>Comply with our legal obligations</li>
</ul>
<h2>4. Cookies</h2>
<ul>
    <li>Remember your preferences</li>
    <li>Analyze website traffic</li>
    <li>Improve the user experience</li>
</ul>
<p>You can disable cookies in your browser settings, but this may affect some website functionality.</p>
<h2>5. Data Sharing</h2>
<p>We do not sell, rent, or share your personal data with third parties, except:</p>
<ul>
    <li>When required by law</li>
    <li>With your explicit consent</li>
    <li>With our service providers (hosting, analytics) under a confidentiality agreement</li>
</ul>
<h2>6. Data Security</h2>
<p>We implement appropriate security measures to protect your personal data against unauthorized access, modification, disclosure, or destruction.</p>
<h2>7. Your Rights (GDPR)</h2>
<ul>
    <li>Right of access: you can request a copy of your personal data</li>
    <li>Right to rectification: you can correct your inaccurate data</li>
    <li>Right to erasure: you can request the deletion of your data</li>
    <li>Right to object: You can object to the processing of your personal data under certain circumstances.</li>
</ul>","<p>Sist oppdatert: 2024</p>
<h2>1. Innledning</h2>
<p>Denne personvernerklæringen beskriver hvordan vi samler inn, bruker og beskytter din personlige informasjon når du bruker nettstedet vårt.</p>
<h2>2. Innsamlede data</h2>
<ul>
<li>Nettleserdata: IP-adresse, nettlesertype, besøkte sider, besøksvarighet</li>
<li>Informasjonskapsler: for å forbedre brukeropplevelsen din og analysere trafikk</li>
<li>Kontaktdata: hvis du kontakter oss via skjemaet eller e-post</li>
</ul>
<h2>3. Bruk av data</h2>
<ul>
<li>Forbedre nettstedets funksjonalitet</li>
<li>Analysere nettstedstrafikk og -bruk</li>
<li>Kontakte deg som svar på dine henvendelser</li>
<li>Overholde våre juridiske forpliktelser</li>
</ul>
<h2>4. Informasjonskapsler</h2>
<ul>
<li>Husk preferansene dine</li>
<li>Analyser nettstedstrafikk</li>
<li>Forbedre brukeropplevelsen</li>
</ul>
<p>Du kan deaktivere informasjonskapsler i nettleserinnstillingene dine, men dette kan påvirke noe av nettstedets funksjonalitet.</p>
<h2>5. Datadeling</h2>
<p>Vi selger, leier eller deler ikke dine personopplysninger med tredjeparter, unntatt:</p>
<ul>
<li>Når det er påkrevd ved lov</li>
<li>Med ditt uttrykkelige samtykke</li>
<li>Med våre tjenesteleverandører (hosting, analyse) under en taushetserklæring</li>
</ul>
<h2>6. Datasikkerhet</h2>
<p>Vi implementerer passende sikkerhetstiltak for å beskytte dine personopplysninger mot uautorisert tilgang, endring, avsløring eller ødeleggelse.</p>
<h2>7. Dine rettigheter (GDPR)</h2>
<ul> <li>Rett til innsyn: Du kan be om en kopi av dine personopplysninger</li>
<li>Rett til retting: Du kan korrigere dine unøyaktige opplysninger</li>
<li>Rett til sletting: Du kan be om sletting av dine opplysninger</li>
<li>Rett til å protestere: Du kan protestere mot behandlingen av dine personopplysninger under visse omstendigheter.</li>
</ul>"
,,,#VALUE!
,,,#VALUE!
,,,#VALUE!
,,,#VALUE!
legal.aboutus.content,,"<p>
RV TRAVEL SHOP was created with a simple goal: <strong>make motorhome and van equipment accessible to everyone at a fair price</strong>.
</p>

<p>
We work with numerous brands and manufacturers directly from specialized factories, notably through trusted platforms such as <strong>AliExpress</strong>. By sourcing as close to the production line as possible, we are able to offer <strong>factory-level prices</strong> while providing a wide selection of accessories for your nomadic journeys.
</p>

<h2>What We Offer</h2>

<p>
Our catalog covers a broad range of needs for the ""Van Life,"" including:
</p>

<p>
• Technical equipment and onboard power systems<br>
• Kitchen accessories and interior outfitting<br>
• Camping gear and outdoor furniture<br>
• Water, heating, and sanitation solutions<br>
• Storage and space optimization for vans
</p>

<h2>Our Approach</h2>

<p>
Instead of focusing on expensive marketing budgets or unnecessary intermediaries, RV TRAVEL SHOP prioritizes <strong>value, variety, and accessibility</strong>. This approach allows us to offer competitive pricing without compromising on the practicality and utility of our products.
</p>

<p>
We carefully select our items based on traveler demand, durability, and community feedback, ensuring we always meet the real-world needs of life on the road.
</p>

<h2>Our Philosophy</h2>

<p>
RV TRAVEL SHOP is for weekend warriors, digital nomads, and freedom seekers looking for <strong>reliable gear at the right price</strong>, without paying for unjustified markups.
</p>

<p>
<strong>Drive more. Explore more. Pay less.</strong><br>
That’s the RV TRAVEL SHOP philosophy.
</p>","<p>
RV TRAVEL SHOP ble opprettet med et enkelt mål: <strong>gjøre bobil- og varebilutstyr tilgjengelig for alle til en rimelig pris</strong>.
</p>

<p>
Vi samarbeider med en rekke merker og produsenter direkte fra spesialiserte fabrikker, særlig gjennom pålitelige plattformer som <strong>AliExpress</strong>. Ved å bruke varene så nær produksjonslinjen som mulig, kan vi tilby <strong>priser på fabrikknivå</strong> samtidig som vi tilbyr et bredt utvalg av tilbehør til dine nomadiske reiser.
</p>

<h2>Hva vi tilbyr</h2>

<p>
Katalogen vår dekker et bredt spekter av behov for ""varebillivet"", inkludert:
</p>

<p>
• Teknisk utstyr og strømforsyninger om bord<br>
• Kjøkkenutstyr og interiørutstyr<br>
• Campingutstyr og utemøbler<br>
• Vann-, varme- og sanitærløsninger<br>
• Oppbevaring og plassoptimalisering for varebiler
</p>

<h2>Vår tilnærming</h2>

<p>
I stedet for å fokusere på dyre markedsføringsbudsjetter eller unødvendige mellomledd, prioriterer RV TRAVEL SHOP <strong>verdi, variasjon og tilgjengelighet</strong>. Denne tilnærmingen lar oss tilby konkurransedyktige priser uten å gå på kompromiss med det praktiske og nyttige ved produktene våre.
</p>

<p>
Vi velger nøye ut varene våre basert på reisendes etterspørsel, holdbarhet og tilbakemeldinger fra lokalsamfunnet, og sikrer at vi alltid møter de reelle behovene til livet på veien.
</p>

<h2>Vår filosofi</h2>

<p>
RV TRAVEL SHOP er for helgesoldater, digitale nomader og frihetssøkere som ser etter <strong>pålitelig utstyr til riktig pris</strong>, uten å betale for uberettigede påslag.
</p>

<p>
<strong>Kjør mer. Utforsk mer. Betal mindre.</strong><br>
Det er RV TRAVEL SHOP-filosofien.
</p>"
,,,#VALUE!
,,,#VALUE!
,,,#VALUE!
footer.copyright,Texte copyright footer,© 2024 AliExpress Affiliate. All rights reserved.,© 2024 AliExpress Affiliate. Alle rettigheter forbeholdt.
footer.contact,Texte contact footer,Contact us:,Kontakt oss:
site.domain,Domaine du site (URL de base),https://rvtravelshop.com,https://rvtravelshop.com
site.contact.email,Adresse email de contact,contact@evanstudio.net,kontakt@evanstudio.net
,,,#VALUE!
,,,#VALUE!
,,,#VALUE!
,,,#VALUE!
,,,#VALUE!
,,,#VALUE!
,,,#VALUE!
,Index,,#VALUE!
,,,#VALUE!
site.meta.title,Titre SEO du site (page d'accueil),RV TRAVEL SHOP | Camping Car & Van Equipment at Factory Prices,RV-REISEBUTIKK | Campingbil- og varebilutstyr til fabrikkpriser
site.meta.description,Description SEO du site (page d'accueil),"Shop quality van life and motorhome equipment. From solar kits to kitchen gear, get factory prices for your adventures. Drive more, pay less!","Kjøp kvalitetsutstyr for varebiler og bobiler. Fra solcellepakker til kjøkkenutstyr – få fabrikkpriser for eventyrene dine. Kjør mer, betal mindre!"
homepage.hero.title,Titre principal de la page d'accueil (hero),Discover the Best Products of RV TRAVEL SHOP,Oppdag de beste produktene fra RV TRAVEL SHOP
homepage.hero.subtitle,Sous-titre de la page d'accueil (hero),Exclusive offers and competitive prices for all your needs,Eksklusive tilbud og konkurransedyktige priser for alle dine behov
homepage.hero.button,Texte du bouton hero,View Products,Se produkter
homepage.hero.button.url,URL du lien du bouton hero,https://rvtravelshop.com,https://rvtravelshop.com
,,,#VALUE!
,,,#VALUE!
,,,#VALUE!
,,,#VALUE!
,,,#VALUE!
,,,#VALUE!
,,,#VALUE!
,,,#VALUE!
,,,#VALUE!
,,,#VALUE!
,,,#VALUE!
,,,#VALUE!
,,,#VALUE!
,,,#VALUE!
,,,#VALUE!
,,,#VALUE!
,,,#VALUE!
,,,#VALUE!
,,,#VALUE!
,,,#VALUE!
,presentation,,#VALUE!
,,,#VALUE!
homepage.presentation.title,Titre de la section présentation marque,About RV TRAVEL SHOP,Om RV-REISEBUTIKK
homepage.presentation.content,Contenu de la section présentation marque,"RV TRAVEL SHOP is your premier destination for affordable campervan, motorhome, and van life equipment at factory prices. We offer a wide range of specialized gear sourced directly from manufacturers through trusted platforms like AliExpress. By working at the source, we eliminate unnecessary intermediaries to pass the savings directly to you. Our selection includes everything from solar power systems and interior fittings to outdoor camping gear and sanitation solutions. Whether you are a weekend adventurer or a full-time digital nomad, RV TRAVEL SHOP helps you stay equipped and ready for the road—without overpaying.","RV TRAVEL SHOP er din fremste destinasjon for rimelig campingvogn-, bobil- og varebilutstyr til fabrikkpriser. Vi tilbyr et bredt utvalg av spesialutstyr hentet direkte fra produsenter gjennom pålitelige plattformer som AliExpress. Ved å jobbe ved kilden eliminerer vi unødvendige mellomledd for å gi besparelsene direkte til deg. Utvalget vårt inkluderer alt fra solenergisystemer og interiørutstyr til utendørs campingutstyr og sanitærløsninger. Enten du er en helgeeventyrer eller en digital nomade på heltid, hjelper RV TRAVEL SHOP deg med å holde deg utstyrt og klar for veien – uten å betale for mye."
,,,#VALUE!
,,,#VALUE!
,,,#VALUE!
,,,#VALUE!
,,,#VALUE!
,,,#VALUE!
homepage.advantages.title,Titre de la section avantages,</section>,</seksjon>
homepage.advantages.factory_price.title,Titre avantage: Prix Direct Usine,Factory Direct Price,Fabrikk direkte pris
homepage.advantages.factory_price.description,Description avantage: Prix Direct Usine,Benefit from factory-direct pricing without intermediaries.,Dra nytte av priser direkte fra fabrikken uten mellomledd.
homepage.advantages.worldwide_shipping.title,Titre avantage: Livraison Mondiale,Worldwide Delivery,Verdensomspennende levering
homepage.advantages.worldwide_shipping.description,Description avantage: Livraison Mondiale,Worldwide delivery for all your needs,Verdensomspennende levering for alle dine behov
homepage.advantages.customer_service.title,Titre avantage: Service Après-Vente Réactif,Responsive After-Sales Service,Responsiv ettersalgsservice
homepage.advantages.customer_service.description,Description avantage: Service Après-Vente Réactif,A responsive and available after-sales service to assist you,En responsiv og tilgjengelig ettersalgsservice som hjelper deg
homepage.advantages.secure_payment.title,Titre avantage: Paiement Sécurisé,Secure Payment,Sikker betaling
homepage.advantages.secure_payment.description,Description avantage: Paiement Sécurisé,Secure payment by credit card with maximum protection,Sikker betaling med kredittkort med maksimal beskyttelse
homepage.faq.title,Titre de la section FAQ,Frequently Asked Questions,Ofte stilte spørsmål
homepage.categories.title,Titre de la section catégories,Our Categories,Våre kategorier
homepage.testimonials.title,Titre de la section témoignages,Customer Reviews,Kundevurderinger
homepage.stats.title,Titre de la section statistiques,Our Key Figures,Våre nøkkeltall
homepage.stats.products.number,Nombre de produits,2800,2800
homepage.stats.products.label,Label produits,Products Available,Tilgjengelige produkter
homepage.stats.countries.number,Nombre de pays,108,108
homepage.stats.countries.label,Label pays,Country of Delivery,Leveringsland
homepage.stats.satisfaction.number,Taux de satisfaction,98 %,98 %
homepage.stats.satisfaction.label,Label satisfaction,Customer Satisfaction,Kundetilfredshet
homepage.stats.support.number,Support client,24/7,Døgnet rundt
homepage.stats.support.label,Label support,Customer Service,Kundeservice
homepage.testimonials.1.name,Nom du témoignage 1,Jack D.,Jack D.
homepage.testimonials.1.text,Texte du témoignage 1,"Excellent service! I ordered a rooftop car tent and I’m extremely satisfied. The quality is outstanding, the delivery was fast, and the packaging was secure. The tent is exactly as described—strong, comfortable, and very easy to set up. It has completely upgraded our road trips and camping experience. I highly recommend it without hesitation.","Utmerket service! Jeg bestilte et taktelt til bil, og jeg er ekstremt fornøyd. Kvaliteten er enestående, leveringen var rask, og emballasjen var sikker. Teltet er akkurat som beskrevet – sterkt, komfortabelt og veldig enkelt å sette opp. Det har fullstendig oppgradert bilturene og campingopplevelsen vår. Jeg anbefaler det på det sterkeste uten å nøle."
homepage.testimonials.2.name,Nom du témoignage 2,Marine G.,Marine G.
homepage.testimonials.2.text,Texte du témoignage 2,"Excellent value for money. I bought a gas heater for my camper van and it fully matches the description. The heater is efficient, reliable, and well built, providing fast and consistent warmth even in cold conditions. Delivery was on time, the packaging was secure, and the product exceeded my expectations.","Utmerket valuta for pengene. Jeg kjøpte en gassovn til campingvognen min, og den samsvarer fullt ut med beskrivelsen. Varmeovnen er effektiv, pålitelig og godt bygget, og gir rask og jevn varme selv i kalde forhold. Leveringen var i tide, emballasjen var sikker, og produktet overgikk forventningene mine."
homepage.testimonials.3.name,Nom du témoignage 3,Fabrice L.,Fabrice L.
homepage.testimonials.3.text,Texte du témoignage 3,"Perfect! I ordered outdoor camping chairs and I’m very satisfied. The quality is excellent, the price is competitive, and the delivery went smoothly. The chairs are sturdy, comfortable, and well designed, making them ideal for camping, road trips, and outdoor use. I will definitely be back!","Perfekt! Jeg bestilte utendørs campingstoler og er veldig fornøyd. Kvaliteten er utmerket, prisen er konkurransedyktig, og leveringen gikk knirkefritt. Stolene er solide, komfortable og godt designet, noe som gjør dem ideelle for camping, bilturer og utendørs bruk. Jeg kommer definitivt tilbake!"
homepage.testimonials.4.name,Nom du témoignage 4,Rose K.,Rose K.
homepage.testimonials.4.text,Texte du témoignage 4,"Responsive customer service and quality product. I had a quick question before ordering and received a prompt and helpful reply. The inflatable mattress perfectly matches the photos and description. The build quality is excellent, it inflates easily, and it’s very comfortable for sleeping. It performed exactly as expected and made our camping nights much more enjoyable. Very satisfied with my purchase!

","Responsiv kundeservice og kvalitetsprodukt. Jeg hadde et raskt spørsmål før jeg bestilte og fikk et raskt og nyttig svar. Den oppblåsbare madrassen samsvarer perfekt med bildene og beskrivelsen. Byggekvaliteten er utmerket, den blåses lett opp, og den er veldig komfortabel å sove i. Den fungerte akkurat som forventet og gjorde campingkveldene våre mye morsommere. Veldig fornøyd med kjøpet mitt!

"
,,,#VALUE!
,,,#VALUE!
,,,#VALUE!
,,,#VALUE!
,FAQ,,#VALUE!
homepage.faq.1.question,Question FAQ 1,What are the delivery times?,Hva er leveringstidene?
homepage.faq.1.answer,Réponse FAQ 1,"Delivery times vary depending on your location and the seller. Generally, standard delivery takes between 15 and 30 business days. Some sellers offer express delivery (7-15 days) for an additional fee. You can check the exact delivery times on each AliExpress product page before placing your order.",Leveringstidene varierer avhengig av hvor du befinner deg og selgeren. Vanligvis tar standardlevering mellom 15 og 30 virkedager. Noen selgere tilbyr ekspresslevering (7–15 dager) mot et tillegg i prisen. Du kan sjekke de nøyaktige leveringstidene på hver AliExpress-produktside før du bestiller.
homepage.faq.2.question,Question FAQ 2,What payment methods are accepted?,Hvilke betalingsmetoder aksepteres?
homepage.faq.2.answer,Réponse FAQ 2,"AliExpress accepts several secure payment methods: credit cards (Visa, Mastercard), PayPal, bank transfer, and other methods depending on your country. All payments are secure and protected by AliExpress's Buyer Protection system. You will only be charged once your order has shipped.","AliExpress aksepterer flere sikre betalingsmetoder: kredittkort (Visa, Mastercard), PayPal, bankoverføring og andre metoder avhengig av landet ditt. Alle betalinger er sikre og beskyttet av AliExpress sitt kjøperbeskyttelsessystem. Du blir først belastet når bestillingen din er sendt."
homepage.faq.3.question,Question FAQ 3,Is there a warranty on the products?,Er det garanti på produktene?
homepage.faq.3.answer,Réponse FAQ 3,"Yes, all products sold on AliExpress are covered by the AliExpress Buyer Guarantee. This guarantee covers defective products, products that do not match the description, or products that were not received. You generally have 15 days after receipt to open a dispute if necessary. In addition, many sellers offer their own extended warranties (6 months, 1 year, etc.), which you can find on the product page.","Ja, alle produkter som selges på AliExpress er dekket av AliExpress kjøpergaranti. Denne garantien dekker defekte produkter, produkter som ikke samsvarer med beskrivelsen, eller produkter som ikke ble mottatt. Du har vanligvis 15 dager etter mottakelse til å åpne en tvist om nødvendig. I tillegg tilbyr mange selgere sine egne utvidede garantier (6 måneder, 1 år osv.), som du finner på produktsiden."
homepage.faq.4.question,Question FAQ 4,What should I do if there's a problem with my order?,Hva bør jeg gjøre hvis det er et problem med bestillingen min?
homepage.faq.4.answer,Réponse FAQ 4,"If you encounter a problem (defective product, not received, non-compliant), you can open a dispute directly from your AliExpress account in the ""My Orders"" section. AliExpress customer service will assist you in resolving the issue. Most disputes are resolved quickly, often in your favor if you provide the necessary evidence (photos, description of the problem).","Hvis du støter på et problem (defekt produkt, ikke mottatt, ikke-kompatibelt), kan du åpne en tvist direkte fra AliExpress-kontoen din i delen «Mine bestillinger». AliExpress kundeservice vil hjelpe deg med å løse problemet. De fleste tvister løses raskt, ofte i din favør hvis du fremlegger nødvendig bevis (bilder, beskrivelse av problemet)."
homepage.faq.5.question,Question FAQ 5,Are the products authentic and of good quality?,Er produktene autentiske og av god kvalitet?
homepage.faq.5.answer,Réponse FAQ 5,"We select only quality products from verified and positively rated sellers on AliExpress. Each product displays customer reviews and ratings, allowing you to check the quality before purchasing. We recommend reading reviews and checking photos shared by customers to ensure the product meets your expectations.","Vi velger kun kvalitetsprodukter fra verifiserte og positivt vurderte selgere på AliExpress. Hvert produkt viser kundeanmeldelser og -vurderinger, slik at du kan sjekke kvaliteten før du kjøper. Vi anbefaler å lese anmeldelser og se på bilder delt av kunder for å sikre at produktet oppfyller dine forventninger."
homepage.bestsellers.title,Titre de la section Best Sellers,Best Sellers,Bestselgere
button.view_products,"Texte bouton ""Voir les Produits""",View Products,Se produkter
button.view_on_aliexpress,"Texte bouton ""Voir sur AliExpress""",View on AliExpress,Se på AliExpress
button.discover_reviews,"Texte bouton ""Découvrez les X avis""",Discover the,Oppdag
button.positive_reviews,"Texte ""avis positifs sur AliExpress""",Positive reviews on AliExpress,Positive anmeldelser på AliExpress