key,description,en,nl_auto
,,,#VALUE!
,menu,,#VALUE!
home.en,,Home,Home
menu.1,,Truck Camper,Truck Camper
menu.2,,RV Interior,Interieur
menu.3,,RV Exterior,Exterieur
menu.4,,Van Equipment,Van Equipment
menu.5,,Auto Parts,Onderdelen
menu.6,,RV Accessories ,Accessoires
,,,#VALUE!
descripton.1,,"Transform your pickup truck into a fully functional mobile home with our comprehensive selection of truck camper equipment and accessories. Whether you're planning weekend getaways or extended road trips, our range includes everything needed to create a comfortable and efficient living space on your truck bed. From slide-in campers and pop-up shells to essential amenities like storage solutions, electrical systems, and insulation kits, we offer practical and affordable options sourced directly from manufacturers. Our truck camper collection focuses on durability, space optimization, and ease of installation, ensuring your vehicle conversion meets your specific travel needs. Whether you're a weekend warrior or a full-time nomad, discover reliable gear that maximizes your truck's potential while maintaining factory-direct pricing. Explore our selection of camper shells, tie-down systems, and interior components designed to enhance comfort and functionality on every adventure.","Transformeer uw pick-up truck in een volledig functionele camper met onze uitgebreide selectie aan camperuitrusting en -accessoires. Of u nu weekendjes weg plant of lange roadtrips maakt, ons assortiment omvat alles wat u nodig hebt om een ​​comfortabele en efficiënte leefruimte op uw laadbak te creëren. Van opbouwcampers en pop-up shells tot essentiële voorzieningen zoals opbergoplossingen, elektrische systemen en isolatiesets, wij bieden praktische en betaalbare opties die rechtstreeks van de fabrikanten komen. Onze collectie campers is gericht op duurzaamheid, ruimteoptimalisatie en installatiegemak, zodat uw voertuigombouw perfect aansluit op uw specifieke reisbehoeften. Of u nu een weekendavonturier bent of een fulltime nomade, ontdek betrouwbare uitrusting die het potentieel van uw truck maximaliseert tegen fabrieksprijzen. Ontdek onze selectie camper shells, sjorbanden en interieuronderdelen die zijn ontworpen om comfort en functionaliteit te verbeteren tijdens elk avontuur."
descripton.2,,"Create a comfortable and functional living space inside your RV with our comprehensive selection of interior equipment and accessories. Our range includes everything needed to transform your recreational vehicle into a true home on wheels, from furniture and storage solutions to appliances and decorative elements. Whether you're renovating an existing RV or customizing a new one, we offer practical and affordable options sourced directly from manufacturers. Our RV interior collection focuses on space efficiency, durability, and style, ensuring every component enhances your mobile living experience. From compact kitchen appliances and space-saving furniture to climate control systems and lighting solutions, discover reliable gear that maximizes comfort and functionality. Whether you're a weekend camper or a full-time RVer, explore our selection of interior accessories designed to make your RV feel like home while maintaining factory-direct pricing.","Creëer een comfortabele en functionele leefruimte in uw camper met onze uitgebreide selectie interieuruitrusting en accessoires. Ons assortiment omvat alles wat u nodig heeft om van uw camper een echt huis op wielen te maken, van meubels en opbergoplossingen tot apparaten en decoratieve elementen. Of u nu een bestaande camper renoveert of een nieuwe op maat maakt, wij bieden praktische en betaalbare opties die rechtstreeks van de fabrikanten afkomstig zijn. Onze collectie camperinterieurs richt zich op ruimtebesparing, duurzaamheid en stijl, zodat elk onderdeel uw mobiele woonervaring verbetert. Van compacte keukenapparatuur en ruimtebesparende meubels tot klimaatbeheersingssystemen en verlichtingsoplossingen, ontdek betrouwbare apparatuur die comfort en functionaliteit maximaliseert. Of u nu een weekendkampeerder bent of fulltime in uw camper woont, bekijk onze selectie interieuraccessoires die zijn ontworpen om van uw camper een thuis te maken, tegen fabrieksprijzen."
descripton.3,,"Protect and enhance your RV's exterior with our extensive range of equipment and accessories designed for durability, functionality, and style. Our selection includes everything needed to maintain and upgrade your recreational vehicle's outer components, from awnings and covers to lighting systems and storage solutions. Whether you're looking to extend your living space, protect your investment, or improve your RV's appearance, we offer practical and affordable options sourced directly from manufacturers. Our RV exterior collection features weather-resistant materials, easy installation, and long-lasting performance that withstands the elements. From retractable awnings and solar panels to bike racks and storage compartments, discover reliable gear that enhances your RV's capabilities. Whether you're preparing for a weekend trip or a long-term adventure, explore our selection of exterior accessories designed to maximize your RV's potential while maintaining factory-direct pricing.","Bescherm en verfraai de buitenkant van uw camper met ons uitgebreide assortiment aan uitrusting en accessoires, ontworpen voor duurzaamheid, functionaliteit en stijl. Ons aanbod omvat alles wat u nodig heeft om de buitenkant van uw camper te onderhouden en te upgraden, van luifels en hoezen tot verlichtingssystemen en opbergoplossingen. Of u nu uw leefruimte wilt vergroten, uw investering wilt beschermen of het uiterlijk van uw camper wilt verbeteren, wij bieden praktische en betaalbare opties die rechtstreeks van de fabrikanten afkomstig zijn. Onze collectie voor de buitenkant van uw camper is gemaakt van weerbestendige materialen, is eenvoudig te installeren en biedt langdurige prestaties die bestand zijn tegen alle weersomstandigheden. Van uitschuifbare luifels en zonnepanelen tot fietsendragers en opbergvakken, ontdek betrouwbare accessoires die de mogelijkheden van uw camper vergroten. Of u nu een weekendtrip of een langdurig avontuur plant, bekijk ons ​​assortiment aan accessoires voor de buitenkant van uw camper, ontworpen om het potentieel ervan te maximaliseren tegen fabrieksprijzen."
descripton.4,,"Equip your van for adventure with our comprehensive selection of van conversion equipment and accessories designed for comfort, functionality, and efficiency. Our range includes everything needed to transform your van into a fully functional mobile living space, from insulation and flooring to electrical systems and storage solutions. Whether you're building a weekend camper van or a full-time home on wheels, we offer practical and affordable options sourced directly from manufacturers. Our van equipment collection focuses on space optimization, durability, and ease of installation, ensuring your conversion meets your specific travel and living needs. From roof vents and solar power systems to modular furniture and kitchen components, discover reliable gear that maximizes your van's potential. Whether you're a DIY enthusiast or working with a professional converter, explore our selection designed to create the perfect mobile home while maintaining factory-direct pricing.","Rust je busje uit voor avontuur met onze uitgebreide selectie aan ombouwaccessoires en -apparatuur, ontworpen voor comfort, functionaliteit en efficiëntie. Ons assortiment omvat alles wat je nodig hebt om je busje om te toveren tot een volledig functionele, mobiele woonruimte, van isolatie en vloeren tot elektrische systemen en opbergoplossingen. Of je nu een weekendcamper bouwt of een permanent huis op wielen, wij bieden praktische en betaalbare opties rechtstreeks van de fabrikanten. Onze collectie busje-accessoires richt zich op ruimteoptimalisatie, duurzaamheid en installatiegemak, zodat je ombouw perfect aansluit op jouw specifieke reis- en woonbehoeften. Van dakventilatie en zonnepanelen tot modulaire meubels en keukenonderdelen, ontdek betrouwbare apparatuur die het potentieel van je busje maximaliseert. Of je nu een doe-het-zelver bent of samenwerkt met een professionele ombouwer, bekijk onze selectie die is ontworpen om het perfecte mobiele huis te creëren tegen fabrieksprijzen."
descripton.5,,"Keep your vehicle running smoothly and safely with our extensive selection of auto parts and automotive accessories sourced directly from manufacturers. Our range includes essential components for maintenance, repair, and performance enhancement, from engine parts and filters to brake systems and electrical components. Whether you're performing routine maintenance or addressing specific issues, we offer practical and affordable options that meet or exceed OEM specifications. Our auto parts collection features reliable quality, easy installation, and excellent value, ensuring your vehicle performs at its best. From oil filters and spark plugs to suspension components and lighting systems, discover trusted parts that maintain your vehicle's reliability and performance. Whether you're a DIY mechanic or a professional technician, explore our selection of auto parts designed to keep your vehicle in top condition while maintaining factory-direct pricing.","Houd uw voertuig soepel en veilig in topconditie met onze uitgebreide selectie auto-onderdelen en accessoires, rechtstreeks afkomstig van de fabrikanten. Ons assortiment omvat essentiële onderdelen voor onderhoud, reparatie en prestatieverbetering, van motoronderdelen en filters tot remsystemen en elektrische componenten. Of u nu routineonderhoud uitvoert of specifieke problemen aanpakt, wij bieden praktische en betaalbare opties die voldoen aan of zelfs de OEM-specificaties overtreffen. Onze collectie auto-onderdelen kenmerkt zich door betrouwbare kwaliteit, eenvoudige installatie en een uitstekende prijs-kwaliteitverhouding, zodat uw voertuig optimaal blijft presteren. Van oliefilters en bougies tot ophangingsonderdelen en verlichtingssystemen, ontdek betrouwbare onderdelen die de betrouwbaarheid en prestaties van uw voertuig garanderen. Of u nu een doe-het-zelf-monteur bent of een professionele technicus, bekijk onze selectie auto-onderdelen die zijn ontworpen om uw voertuig in topconditie te houden tegen fabrieksprijzen."
descripton.6,,"Enhance your RV experience with our comprehensive selection of accessories designed to improve comfort, convenience, and functionality on every journey. Our range includes essential add-ons and upgrades that make RV living more enjoyable, from leveling blocks and stabilizer jacks to water management systems and security devices. Whether you're a new RV owner or a seasoned traveler, we offer practical and affordable options sourced directly from manufacturers. Our RV accessories collection focuses on quality, durability, and ease of use, ensuring every product enhances your mobile lifestyle. From sewer hoses and electrical adapters to interior organization solutions and outdoor entertainment equipment, discover reliable gear that makes RV travel more comfortable and stress-free. Whether you're planning weekend getaways or extended adventures, explore our selection of RV accessories designed to maximize your enjoyment on the road while maintaining factory-direct pricing.","Verbeter uw camperreis met onze uitgebreide selectie accessoires, ontworpen om comfort, gemak en functionaliteit tijdens elke reis te verhogen. Ons assortiment omvat essentiële toevoegingen en upgrades die het leven in een camper aangenamer maken, van nivelleerblokken en stabilisatorsteunen tot waterbeheersystemen en beveiligingsapparatuur. Of u nu een nieuwe camperbezitter bent of een ervaren reiziger, wij bieden praktische en betaalbare opties die rechtstreeks van de fabrikanten afkomstig zijn. Onze collectie camperaccessoires richt zich op kwaliteit, duurzaamheid en gebruiksgemak, zodat elk product uw mobiele levensstijl verbetert. Van rioolslangen en elektrische adapters tot oplossingen voor interieurorganisatie en entertainmentapparatuur voor buiten, ontdek betrouwbare uitrusting die camperreizen comfortabeler en stressvrij maakt. Of u nu weekendjes weg plant of langere avonturen beleeft, ontdek onze selectie camperaccessoires die zijn ontworpen om uw plezier onderweg te maximaliseren tegen fabrieksprijzen."
,,,#VALUE!
meta.title.menu.1,,Truck Camper Equipment & Accessories | Factory Prices,Uitrusting en accessoires voor truckcampers | Fabrieksprijzen
meta.title.menu.2,,RV Interior Equipment & Accessories | Factory Prices,Interieuruitrusting en accessoires voor campers | Fabrieksprijzen
meta.title.menu.3,,RV Exterior Equipment & Accessories | Factory Prices,Uitrusting en accessoires voor campers en caravans | Fabrieksprijzen
meta.title.menu.4,,Van Conversion Equipment & Accessories | Factory Prices,Ombouwsets en accessoires voor bestelwagenombouw | Fabrieksprijzen
meta.title.menu.5,,Auto Parts & Automotive Accessories | Factory Prices,Auto-onderdelen en auto-accessoires | Fabrieksprijzen
meta.title.menu.6,,RV Accessories & Camping Essentials | Factory Prices,Camperaccessoires en kampeerbenodigdheden | Fabrieksprijzen
,,,#VALUE!
meta.des.menu.1,,Transform your pickup truck into a mobile home with comprehensive truck camper equipment and accessories. Discover slide-in campers,Transformeer uw pick-up truck in een mobiele woning met complete camperuitrusting en accessoires. Ontdek de slide-in campers.
meta.des.menu.2,,Create a comfortable and functional RV interior with furniture,Creëer een comfortabel en functioneel camperinterieur met meubilair.
meta.des.menu.3,,Protect and enhance your RV exterior with awnings,Bescherm en verfraai de buitenkant van uw camper met luifels.
meta.des.menu.4,,Convert your van into a fully functional mobile home with insulation,"Maak van uw bestelwagen een volledig functionele, geïsoleerde camper."
meta.des.menu.5,,Keep your vehicle running smoothly with auto parts and automotive accessories sourced directly from manufacturers. Discover engine components,Zorg dat uw voertuig soepel blijft rijden met auto-onderdelen en -accessoires die rechtstreeks van de fabrikanten afkomstig zijn. Ontdek motoronderdelen.
meta.des.menu.6,,Enhance your RV experience with essential accessories for comfort,Verbeter je camperervaring met essentiële accessoires voor extra comfort.
,,,#VALUE!
,,,#VALUE!
,,,#VALUE!
,Footer,,#VALUE!
,,,#VALUE!
footer.link.home,Lien footer Accueil,Home,Home
footer.link.sitemap,Lien footer Plan du site,Site map,Sitemap
footer.link.conditions,Lien footer Conditions,Terms of Use,Gebruiksvoorwaarden
footer.link.mentions,Lien footer Mentions légales,Legal notice,Juridische kennisgeving
footer.link.policy,Lien footer Politique,Privacy Policy,Privacybeleid
footer.link.aboutus,Lien footer about us,About us,Over ons
,,,#VALUE!
,,,#VALUE!
legal.conditions.title,Titre page Conditions d'utilisation,Terms of Use - AliExpress Affiliate Program,Gebruiksvoorwaarden - AliExpress Affiliateprogramma
legal.mentions.title,Titre page Mentions légales,Legal Notice - AliExpress Affiliate Program,Juridische kennisgeving - AliExpress-affiliateprogramma
legal.policy.title,Titre page Politique de confidentialité,Privacy Policy - AliExpress Affiliate Program,Privacybeleid - AliExpress Affiliateprogramma
legal.aboutus.title,Titre page about us,About us – RV TRAVEL SHOP,Over ons – RV TRAVEL SHOP
,,,#VALUE!
legal.conditions.meta.description,Description SEO Conditions,AliExpress Affiliate Site Terms of Use,Gebruiksvoorwaarden van de AliExpress-partnersite
legal.mentions.meta.description,Description SEO Mentions légales,Legal notices for the AliExpress affiliate website,Juridische mededelingen voor de AliExpress-partnerwebsite
legal.policy.meta.description,Description SEO Politique,AliExpress Affiliate Site Privacy Policy,Privacybeleid van de AliExpress-partnersite
legal.aboutus.meta.description,Description SEO About us,"About RV Travel Shop, affordable campervan gear, factory price RV parts, van life mission, reliable van equipment, budget-friendly motorhome gear.","Over RV Travel Shop: betaalbare camperuitrusting, camperonderdelen tegen fabrieksprijzen, missie voor het camperleven, betrouwbare camperapparatuur, budgetvriendelijke camperbenodigdheden."
,,,#VALUE!
legal.conditions.content,,"<p style=""margin-bottom: 2rem;"">Terms of Use Last updated: 2024</p>
<p style=""margin-bottom: 2rem;"">1. Acceptance of Terms By accessing and using this website, you agree to be bound by these terms of use. If you do not agree to these terms, please do not use this site.</p>
<p style=""margin-bottom: 2rem;"">2. Description of Service This site is an affiliate site that provides links to products available on AliExpress. We do not sell the products directly, but earn a commission on sales made through our affiliate links.</p>
<p style=""margin-bottom: 2rem;"">3. Affiliate Links All links to AliExpress are affiliate links. By clicking on these links and making a purchase, we may receive a commission at no additional cost to you.</p>
<p style=""margin-bottom: 2rem;"">4. Liability We are not responsible for the quality, availability, or delivery of products sold on AliExpress. All disputes concerning products must be resolved directly with AliExpress or the seller.</p>
<p style=""margin-bottom: 2rem;"">5. Intellectual Property The content of this site, including text, images, and logos, is protected by intellectual property laws. Any unauthorized reproduction is prohibited.</p>
<p style=""margin-bottom: 2rem;"">6. Modifications We reserve the right to modify these terms of use at any time. Modifications will take effect immediately upon their posting on the website.</p>
<p style=""margin-bottom: 2rem;"">7. Contact For any questions regarding these terms of use, you can contact us at: contact@evanstudio.com</p>","<p style=""margin-bottom: 2rem;"">Gebruiksvoorwaarden Laatst bijgewerkt: 2024</p>
<p style=""margin-bottom: 2rem;"">1. Aanvaarding van de voorwaarden Door deze website te bezoeken en te gebruiken, gaat u akkoord met deze gebruiksvoorwaarden. Als u niet akkoord gaat met deze voorwaarden, gebruik deze site dan niet.</p>
<p style=""margin-bottom: 2rem;"">2. Beschrijving van de dienst Deze site is een affiliate site die links biedt naar producten die beschikbaar zijn op AliExpress. Wij verkopen de producten niet rechtstreeks, maar verdienen een commissie over verkopen die via onze affiliate links worden gedaan.</p>
<p style=""margin-bottom: 2rem;"">3. Affiliate links Alle links naar AliExpress zijn affiliate links. Door op deze links te klikken en een aankoop te doen, kunnen wij een commissie ontvangen zonder extra kosten voor u.</p>
<p style=""margin-bottom: 2rem;"">4. Aansprakelijkheid Wij zijn niet verantwoordelijk voor de kwaliteit, beschikbaarheid of levering van producten die op AliExpress worden verkocht. Alle geschillen met betrekking tot producten moeten rechtstreeks met AliExpress of de verkoper worden opgelost.
5. Intellectueel eigendom De inhoud van deze site, inclusief tekst, afbeeldingen en logo's, is beschermd door wetgeving inzake intellectueel eigendom. Elke ongeoorloofde reproductie is verboden.
6. Wijzigingen Wij behouden ons het recht voor om deze gebruiksvoorwaarden te allen tijde te wijzigen. Wijzigingen worden onmiddellijk van kracht na publicatie op de website.
7. Contact Voor vragen over deze gebruiksvoorwaarden kunt u contact met ons opnemen via: contact@evanstudio.com"
,,,#VALUE!
legal.mentions.content,,"<p>Last updated: 2024</p>
<h2>1. Website Publisher</h2>
<ul>
    <li>Company name: EVAN STUDIO CO.LTD</li>
    <li>Email: contact@evanstudio.net</li>
</ul>
<h2>2. Publication Director</h2>
<p>EVAN STUDIO CO.LTD (Director and Owner)</p>
<h2>3. Hosting</h2>
<ul>
    <li>Host: Cloudflare</li>
    <li>Address: 101 Townsend St, San Francisco, CA 94107, USA</li>
</ul>
<h2>4. Intellectual Property</h2>
<p>This entire website is governed by French and international legislation on copyright and intellectual property. All rights of reproduction are reserved, including for downloadable documents and iconographic and photographic representations. Reproduction of all or part of this website on any electronic medium whatsoever is strictly prohibited without the express authorization of the publication director.</p>
<h2>5. Protection of Personal Data</h2>
<p>In accordance with the French Data Protection Act of 6 January 1978, as amended, and the General Data Protection Regulation (GDPR), you have the right to access, rectify, erase, and object to the processing of your personal data. To exercise this right, you can contact us at: contact@alxgroup.com</p>
<h2>6. External Links</h2>
<p>This site contains links to external websites. We are not responsible for the content of these external websites or their privacy policies.</p>
<h2>7. Cookies</h2>
<p>This site may use cookies to improve the user experience. For more information, please see our <a href=""https://policies.google.com/privacy?hl=en-US"">Privacy Policy</a>.</p>
<h2>8. Contact</h2>
<p>For any questions regarding these legal notices, you can contact us at: contact@evanstudio.com</p>","<p>Laatst bijgewerkt: 2024</p>
<h2>1. Website-uitgever</h2>
<ul>

<li>Bedrijfsnaam: EVAN STUDIO CO.LTD</li>

<li>E-mail: contact@evanstudio.net</li>
</ul>
<h2>2. Publicatiedirecteur</h2>
<p>EVAN STUDIO CO.LTD (Directeur en Eigenaar)</p>
<h2>3. Hosting</h2>
<ul>
<li>Host: Cloudflare</li>

<li>Adres: 101 Townsend St, San Francisco, CA 94107, VS</li>
</ul>
<h2>4. Intellectueel eigendom</h2>
<p>Deze gehele website valt onder de Franse en internationale wetgeving inzake auteursrecht en intellectueel eigendom. Alle reproductierechten zijn voorbehouden, inclusief voor downloadbare documenten en iconografische en fotografische afbeeldingen. Het reproduceren van deze website, geheel of gedeeltelijk, op welk elektronisch medium dan ook, is ten strengste verboden zonder de uitdrukkelijke toestemming van de uitgever.</p>
<h2>5. Bescherming van persoonsgegevens</h2>
<p>In overeenstemming met de Franse wet op de bescherming van persoonsgegevens van 6 januari 1978, zoals gewijzigd, en de Algemene Verordening Gegevensbescherming (AVG), heeft u het recht op inzage, correctie, verwijdering en bezwaar tegen de verwerking van uw persoonsgegevens. Om dit recht uit te oefenen, kunt u contact met ons opnemen via: contact@alxgroup.com</p>
<h2>6. Externe links</h2>
<p>Deze site bevat links naar externe websites. Wij zijn niet verantwoordelijk voor de inhoud van deze externe websites of hun privacybeleid.</p>
<h2>7. Cookies</h2>
<p>Deze site kan cookies gebruiken om de gebruikerservaring te verbeteren. Voor meer informatie kunt u ons <a href=""https://policies.google.com/privacy?hl=en-US"">Privacybeleid</a> raadplegen.</p>
<h2>8. Contact</h2>
<p>Voor vragen over deze juridische mededelingen kunt u contact met ons opnemen via: contact@evanstudio.com</p>"
,,,#VALUE!
legal.policy.content,,"<p>Last updated: 2024</p>
<h2>1. Introduction</h2>
<p>This privacy policy describes how we collect, use, and protect your personal information when you use our website.</p>
<h2>2. Data Collected</h2>
<ul>
    <li>Browsing data: IP address, browser type, pages visited, visit duration</li>
    <li>Cookies: to improve your user experience and analyze traffic</li>
    <li>Contact data: if you contact us via the form or email</li>
</ul>
<h2>3. Use of Data</h2>
<ul>
    <li>Improve the website's functionality</li>
    <li>Analyze website traffic and usage</li>
    <li>Contact you in response to your inquiries</li>
    <li>Comply with our legal obligations</li>
</ul>
<h2>4. Cookies</h2>
<ul>
    <li>Remember your preferences</li>
    <li>Analyze website traffic</li>
    <li>Improve the user experience</li>
</ul>
<p>You can disable cookies in your browser settings, but this may affect some website functionality.</p>
<h2>5. Data Sharing</h2>
<p>We do not sell, rent, or share your personal data with third parties, except:</p>
<ul>
    <li>When required by law</li>
    <li>With your explicit consent</li>
    <li>With our service providers (hosting, analytics) under a confidentiality agreement</li>
</ul>
<h2>6. Data Security</h2>
<p>We implement appropriate security measures to protect your personal data against unauthorized access, modification, disclosure, or destruction.</p>
<h2>7. Your Rights (GDPR)</h2>
<ul>
    <li>Right of access: you can request a copy of your personal data</li>
    <li>Right to rectification: you can correct your inaccurate data</li>
    <li>Right to erasure: you can request the deletion of your data</li>
    <li>Right to object: You can object to the processing of your personal data under certain circumstances.</li>
</ul>","<p>Laatst bijgewerkt: 2024</p>
<h2>1. Inleiding</h2>
<p>Dit privacybeleid beschrijft hoe wij uw persoonlijke gegevens verzamelen, gebruiken en beschermen wanneer u onze website gebruikt.</p>
<h2>2. Verzamelde gegevens</h2>
<ul>
<li>Browsegegevens: IP-adres, browsertype, bezochte pagina's, bezoekduur</li>
<li>Cookies: om uw gebruikerservaring te verbeteren en het verkeer te analyseren</li>
<li>Contactgegevens: als u contact met ons opneemt via het formulier of e-mail</li>
</ul>
<h2>3. Gebruik van gegevens</h2>
<ul>
<li>De functionaliteit van de website verbeteren</li>
<li>Websiteverkeer en -gebruik analyseren</li>
<li>Contact met u opnemen naar aanleiding van uw vragen</li>
<li>Voldoen aan onze wettelijke verplichtingen</li>
</ul>
<h2>4. Cookies</h2>
<ul>

<li>Onthoud uw voorkeuren</li>

<li>Analyseer websiteverkeer</li>

<li>Verbeter de gebruikerservaring</li>
</ul>
<p>U kunt cookies uitschakelen in uw browserinstellingen, maar dit kan de functionaliteit van sommige websites beïnvloeden.</p>
<h2>5. Gegevensdeling</h2>
<p>Wij verkopen, verhuren of delen uw persoonsgegevens niet met derden, behalve:</p>
<ul>

<li>Wanneer wettelijk vereist</li>

<li>Met uw uitdrukkelijke toestemming</li>

<li>Met onze dienstverleners (hosting, analyses) onder een geheimhoudingsovereenkomst</li>
</ul>
<h2>6. Gegevensbeveiliging</h2>
<p>Wij implementeren passende beveiligingsmaatregelen om uw persoonsgegevens te beschermen tegen ongeautoriseerde toegang, wijziging, openbaarmaking of vernietiging.</p>
<h2>7. Uw rechten (AVG)

<ul>

<li>Recht op inzage: u kunt een kopie van uw persoonsgegevens opvragen</li>
<li>Recht op rectificatie: u kunt uw onjuiste gegevens corrigeren</li>
<li>Recht op verwijdering: u kunt verzoeken om verwijdering van uw gegevens</li>
<li>Recht van bezwaar: u kunt onder bepaalde omstandigheden bezwaar maken tegen de verwerking van uw persoonsgegevens.</li>
</ul>"
,,,#VALUE!
,,,#VALUE!
,,,#VALUE!
,,,#VALUE!
legal.aboutus.content,,"<p>
RV TRAVEL SHOP was created with a simple goal: <strong>make motorhome and van equipment accessible to everyone at a fair price</strong>.
</p>

<p>
We work with numerous brands and manufacturers directly from specialized factories, notably through trusted platforms such as <strong>AliExpress</strong>. By sourcing as close to the production line as possible, we are able to offer <strong>factory-level prices</strong> while providing a wide selection of accessories for your nomadic journeys.
</p>

<h2>What We Offer</h2>

<p>
Our catalog covers a broad range of needs for the ""Van Life,"" including:
</p>

<p>
• Technical equipment and onboard power systems<br>
• Kitchen accessories and interior outfitting<br>
• Camping gear and outdoor furniture<br>
• Water, heating, and sanitation solutions<br>
• Storage and space optimization for vans
</p>

<h2>Our Approach</h2>

<p>
Instead of focusing on expensive marketing budgets or unnecessary intermediaries, RV TRAVEL SHOP prioritizes <strong>value, variety, and accessibility</strong>. This approach allows us to offer competitive pricing without compromising on the practicality and utility of our products.
</p>

<p>
We carefully select our items based on traveler demand, durability, and community feedback, ensuring we always meet the real-world needs of life on the road.
</p>

<h2>Our Philosophy</h2>

<p>
RV TRAVEL SHOP is for weekend warriors, digital nomads, and freedom seekers looking for <strong>reliable gear at the right price</strong>, without paying for unjustified markups.
</p>

<p>
<strong>Drive more. Explore more. Pay less.</strong><br>
That’s the RV TRAVEL SHOP philosophy.
</p>","<p>
RV TRAVEL SHOP is opgericht met een eenvoudig doel: <strong>camper- en busuitrusting voor iedereen toegankelijk maken tegen een eerlijke prijs</strong>.

</p>

<p>
We werken samen met talloze merken en fabrikanten, rechtstreeks van gespecialiseerde fabrieken, met name via betrouwbare platforms zoals <strong>AliExpress</strong>. Door zo dicht mogelijk bij de productielijn in te kopen, kunnen we <strong>fabrieksprijzen</strong> aanbieden en tegelijkertijd een ruime keuze aan accessoires voor uw nomadische reizen leveren.

</p>

<h2>Wat wij bieden</h2>

<p>
Onze catalogus omvat een breed scala aan benodigdheden voor het ""Van Life""-leven, waaronder:
</p>

<p>
• Technische apparatuur en stroomvoorziening aan boord<br>
• Keukenaccessoires en interieurinrichting<br>
• Kampeeruitrusting en tuinmeubilair<br>
• Water-, verwarmings- en sanitaire oplossingen<br>
• Opslag en ruimteoptimalisatie voor campers
</p>

<h2>Onze aanpak</h2>

<p>
In plaats van te focussen op dure marketingbudgetten of onnodige tussenpersonen, geeft RV TRAVEL SHOP prioriteit aan <strong>waarde, variëteit en toegankelijkheid</strong>. Deze aanpak stelt ons in staat concurrerende prijzen te bieden zonder in te leveren op de praktische bruikbaarheid van onze producten.

</p>

<p>
We selecteren onze artikelen zorgvuldig op basis van de vraag van reizigers, duurzaamheid en feedback van de community, zodat we altijd voldoen aan de daadwerkelijke behoeften van het leven onderweg.

</p>

<h2>Onze filosofie</h2>

<p>
RV TRAVEL SHOP is voor weekendavonturiers, digitale nomaden en vrijheidszoekers die op zoek zijn naar betrouwbare uitrusting voor de juiste prijs, zonder onnodige toeslagen.

</p>

<p>
<strong>Rijd meer. Ontdek meer. Betaal minder.</strong><br>
Dat is de filosofie van RV TRAVEL SHOP.

</p>"
,,,#VALUE!
,,,#VALUE!
,,,#VALUE!
footer.copyright,Texte copyright footer,© 2024 AliExpress Affiliate. All rights reserved.,© 2024 AliExpress Affiliate. Alle rechten voorbehouden.
footer.contact,Texte contact footer,Contact us:,Neem contact met ons op:
site.domain,Domaine du site (URL de base),https://rvtravelshop.com,https://rvtravelshop.com
site.contact.email,Adresse email de contact,contact@evanstudio.net,contact@evanstudio.net
,,,#VALUE!
,,,#VALUE!
,,,#VALUE!
,,,#VALUE!
,,,#VALUE!
,,,#VALUE!
,,,#VALUE!
,Index,,#VALUE!
,,,#VALUE!
site.meta.title,Titre SEO du site (page d'accueil),RV TRAVEL SHOP | Camping Car & Van Equipment at Factory Prices,RV TRAVEL SHOP | Uitrusting voor campers en caravans tegen fabrieksprijzen
site.meta.description,Description SEO du site (page d'accueil),"Shop quality van life and motorhome equipment. From solar kits to kitchen gear, get factory prices for your adventures. Drive more, pay less!","Koop hoogwaardige camper- en caravanuitrusting. Van zonnepanelen tot keukenbenodigdheden, profiteer van fabrieksprijzen voor al je avonturen. Rij meer, betaal minder!"
homepage.hero.title,Titre principal de la page d'accueil (hero),Discover the Best Products of RV TRAVEL SHOP,Ontdek de beste producten van RV TRAVEL SHOP
homepage.hero.subtitle,Sous-titre de la page d'accueil (hero),Exclusive offers and competitive prices for all your needs,Exclusieve aanbiedingen en scherpe prijzen voor al uw behoeften.
homepage.hero.button,Texte du bouton hero,View Products,Bekijk producten
homepage.hero.button.url,URL du lien du bouton hero,https://rvtravelshop.com,https://rvtravelshop.com
,,,#VALUE!
,,,#VALUE!
,,,#VALUE!
,,,#VALUE!
,,,#VALUE!
,,,#VALUE!
,,,#VALUE!
,,,#VALUE!
,,,#VALUE!
,,,#VALUE!
,,,#VALUE!
,,,#VALUE!
,,,#VALUE!
,,,#VALUE!
,,,#VALUE!
,,,#VALUE!
,,,#VALUE!
,,,#VALUE!
,,,#VALUE!
,,,#VALUE!
,presentation,,#VALUE!
,,,#VALUE!
homepage.presentation.title,Titre de la section présentation marque,About RV TRAVEL SHOP,Over RV TRAVEL SHOP
homepage.presentation.content,Contenu de la section présentation marque,"RV TRAVEL SHOP is your premier destination for affordable campervan, motorhome, and van life equipment at factory prices. We offer a wide range of specialized gear sourced directly from manufacturers through trusted platforms like AliExpress. By working at the source, we eliminate unnecessary intermediaries to pass the savings directly to you. Our selection includes everything from solar power systems and interior fittings to outdoor camping gear and sanitation solutions. Whether you are a weekend adventurer or a full-time digital nomad, RV TRAVEL SHOP helps you stay equipped and ready for the road—without overpaying.","RV TRAVEL SHOP is dé plek voor betaalbare campervans, motorhomes en vanlife-uitrusting tegen fabrieksprijzen. We bieden een breed assortiment gespecialiseerde producten, rechtstreeks ingekocht bij fabrikanten via betrouwbare platforms zoals AliExpress. Door direct bij de bron in te kopen, schakelen we onnodige tussenpersonen uit en geven we de besparingen direct aan u door. Ons aanbod omvat alles, van zonne-energiesystemen en interieurinrichting tot kampeeruitrusting en sanitaire oplossingen. Of u nu een weekendavonturier bent of een fulltime digitale nomade, RV TRAVEL SHOP helpt u om uitgerust en klaar voor de weg te zijn – zonder te veel te betalen."
,,,#VALUE!
,,,#VALUE!
,,,#VALUE!
,,,#VALUE!
,,,#VALUE!
,,,#VALUE!
homepage.advantages.title,Titre de la section avantages,</section>,</sectie>
homepage.advantages.factory_price.title,Titre avantage: Prix Direct Usine,Factory Direct Price,Fabrieksprijs
homepage.advantages.factory_price.description,Description avantage: Prix Direct Usine,Benefit from factory-direct pricing without intermediaries.,Profiteer van fabrieksprijzen zonder tussenpersonen.
homepage.advantages.worldwide_shipping.title,Titre avantage: Livraison Mondiale,Worldwide Delivery,Wereldwijde levering
homepage.advantages.worldwide_shipping.description,Description avantage: Livraison Mondiale,Worldwide delivery for all your needs,Wereldwijde levering voor al uw behoeften.
homepage.advantages.customer_service.title,Titre avantage: Service Après-Vente Réactif,Responsive After-Sales Service,Responsieve klantenservice na aankoop
homepage.advantages.customer_service.description,Description avantage: Service Après-Vente Réactif,A responsive and available after-sales service to assist you,Een responsieve en beschikbare klantenservice om u te helpen.
homepage.advantages.secure_payment.title,Titre avantage: Paiement Sécurisé,Secure Payment,Veilige betaling
homepage.advantages.secure_payment.description,Description avantage: Paiement Sécurisé,Secure payment by credit card with maximum protection,Veilig betalen met creditcard met maximale bescherming.
homepage.faq.title,Titre de la section FAQ,Frequently Asked Questions,Veelgestelde vragen
homepage.categories.title,Titre de la section catégories,Our Categories,Onze categorieën
homepage.testimonials.title,Titre de la section témoignages,Customer Reviews,Klantenrecensies
homepage.stats.title,Titre de la section statistiques,Our Key Figures,Onze kerncijfers
homepage.stats.products.number,Nombre de produits,2800,2800
homepage.stats.products.label,Label produits,Products Available,Beschikbare producten
homepage.stats.countries.number,Nombre de pays,108,108
homepage.stats.countries.label,Label pays,Country of Delivery,Land van levering
homepage.stats.satisfaction.number,Taux de satisfaction,98 %,98%
homepage.stats.satisfaction.label,Label satisfaction,Customer Satisfaction,Klanttevredenheid
homepage.stats.support.number,Support client,24/7,24/7
homepage.stats.support.label,Label support,Customer Service,Klantenservice
homepage.testimonials.1.name,Nom du témoignage 1,Jack D.,Jack D.
homepage.testimonials.1.text,Texte du témoignage 1,"Excellent service! I ordered a rooftop car tent and I’m extremely satisfied. The quality is outstanding, the delivery was fast, and the packaging was secure. The tent is exactly as described—strong, comfortable, and very easy to set up. It has completely upgraded our road trips and camping experience. I highly recommend it without hesitation.","Uitstekende service! Ik heb een daktent voor mijn auto besteld en ben er zeer tevreden over. De kwaliteit is uitstekend, de levering was snel en de verpakking was stevig. De tent is precies zoals beschreven: sterk, comfortabel en heel gemakkelijk op te zetten. Het heeft onze roadtrips en kampeerervaring compleet veranderd. Ik kan hem zonder aarzeling van harte aanbevelen."
homepage.testimonials.2.name,Nom du témoignage 2,Marine G.,Marine G.
homepage.testimonials.2.text,Texte du témoignage 2,"Excellent value for money. I bought a gas heater for my camper van and it fully matches the description. The heater is efficient, reliable, and well built, providing fast and consistent warmth even in cold conditions. Delivery was on time, the packaging was secure, and the product exceeded my expectations.","Uitstekende prijs-kwaliteitverhouding. Ik heb een gaskachel voor mijn camper gekocht en deze voldoet volledig aan de beschrijving. De kachel is efficiënt, betrouwbaar en degelijk gebouwd, en levert snel en constant warmte, zelfs bij koud weer. De levering was op tijd, de verpakking was stevig en het product overtrof mijn verwachtingen."
homepage.testimonials.3.name,Nom du témoignage 3,Fabrice L.,Fabrice L.
homepage.testimonials.3.text,Texte du témoignage 3,"Perfect! I ordered outdoor camping chairs and I’m very satisfied. The quality is excellent, the price is competitive, and the delivery went smoothly. The chairs are sturdy, comfortable, and well designed, making them ideal for camping, road trips, and outdoor use. I will definitely be back!","Perfect! Ik heb campingstoelen voor buiten besteld en ben er zeer tevreden over. De kwaliteit is uitstekend, de prijs is concurrerend en de levering verliep vlekkeloos. De stoelen zijn stevig, comfortabel en goed ontworpen, waardoor ze ideaal zijn voor kamperen, roadtrips en ander buitengebruik. Ik kom zeker terug!"
homepage.testimonials.4.name,Nom du témoignage 4,Rose K.,Rose K.
homepage.testimonials.4.text,Texte du témoignage 4,"Responsive customer service and quality product. I had a quick question before ordering and received a prompt and helpful reply. The inflatable mattress perfectly matches the photos and description. The build quality is excellent, it inflates easily, and it’s very comfortable for sleeping. It performed exactly as expected and made our camping nights much more enjoyable. Very satisfied with my purchase!

","Uitstekende klantenservice en een kwaliteitsproduct. Ik had een korte vraag voordat ik bestelde en kreeg snel en behulpzaam antwoord. Het opblaasmatras komt perfect overeen met de foto's en de beschrijving. De bouwkwaliteit is uitstekend, het is gemakkelijk op te blazen en het is zeer comfortabel om op te slapen. Het voldeed volledig aan de verwachtingen en maakte onze kampeernachten veel aangenamer. Zeer tevreden met mijn aankoop!

"
,,,#VALUE!
,,,#VALUE!
,,,#VALUE!
,,,#VALUE!
,FAQ,,#VALUE!
homepage.faq.1.question,Question FAQ 1,What are the delivery times?,Wat zijn de levertijden?
homepage.faq.1.answer,Réponse FAQ 1,"Delivery times vary depending on your location and the seller. Generally, standard delivery takes between 15 and 30 business days. Some sellers offer express delivery (7-15 days) for an additional fee. You can check the exact delivery times on each AliExpress product page before placing your order.",De levertijden variëren afhankelijk van uw locatie en de verkoper. Over het algemeen duurt standaardlevering tussen de 15 en 30 werkdagen. Sommige verkopers bieden expresslevering (7-15 dagen) aan tegen een extra vergoeding. U kunt de exacte levertijden controleren op de productpagina van AliExpress voordat u uw bestelling plaatst.
homepage.faq.2.question,Question FAQ 2,What payment methods are accepted?,Welke betaalmethoden worden geaccepteerd?
homepage.faq.2.answer,Réponse FAQ 2,"AliExpress accepts several secure payment methods: credit cards (Visa, Mastercard), PayPal, bank transfer, and other methods depending on your country. All payments are secure and protected by AliExpress's Buyer Protection system. You will only be charged once your order has shipped.","AliExpress accepteert verschillende veilige betaalmethoden: creditcards (Visa, Mastercard), PayPal, bankoverschrijving en andere methoden, afhankelijk van uw land. Alle betalingen zijn veilig en beschermd door het kopersbeschermingssysteem van AliExpress. U wordt pas gefactureerd nadat uw bestelling is verzonden."
homepage.faq.3.question,Question FAQ 3,Is there a warranty on the products?,Wordt er garantie gegeven op de producten?
homepage.faq.3.answer,Réponse FAQ 3,"Yes, all products sold on AliExpress are covered by the AliExpress Buyer Guarantee. This guarantee covers defective products, products that do not match the description, or products that were not received. You generally have 15 days after receipt to open a dispute if necessary. In addition, many sellers offer their own extended warranties (6 months, 1 year, etc.), which you can find on the product page.","Ja, alle producten die op AliExpress worden verkocht, vallen onder de AliExpress-kopersgarantie. Deze garantie dekt defecte producten, producten die niet overeenkomen met de beschrijving of producten die niet zijn ontvangen. Je hebt over het algemeen 15 dagen na ontvangst om een ​​geschil aan te melden, indien nodig. Daarnaast bieden veel verkopers hun eigen verlengde garanties aan (6 maanden, 1 jaar, enz.), die je kunt vinden op de productpagina."
homepage.faq.4.question,Question FAQ 4,What should I do if there's a problem with my order?,Wat moet ik doen als er een probleem is met mijn bestelling?
homepage.faq.4.answer,Réponse FAQ 4,"If you encounter a problem (defective product, not received, non-compliant), you can open a dispute directly from your AliExpress account in the ""My Orders"" section. AliExpress customer service will assist you in resolving the issue. Most disputes are resolved quickly, often in your favor if you provide the necessary evidence (photos, description of the problem).","Als je een probleem ondervindt (defect product, niet ontvangen, niet conform), kun je rechtstreeks vanuit je AliExpress-account een geschil openen in het gedeelte ""Mijn bestellingen"". De klantenservice van AliExpress helpt je dan bij het oplossen van het probleem. De meeste geschillen worden snel opgelost, vaak in je voordeel als je het nodige bewijsmateriaal aanlevert (foto's, beschrijving van het probleem)."
homepage.faq.5.question,Question FAQ 5,Are the products authentic and of good quality?,Zijn de producten authentiek en van goede kwaliteit?
homepage.faq.5.answer,Réponse FAQ 5,"We select only quality products from verified and positively rated sellers on AliExpress. Each product displays customer reviews and ratings, allowing you to check the quality before purchasing. We recommend reading reviews and checking photos shared by customers to ensure the product meets your expectations.","Wij selecteren uitsluitend kwaliteitsproducten van geverifieerde en positief beoordeelde verkopers op AliExpress. Elk product toont klantrecensies en -beoordelingen, zodat u de kwaliteit kunt controleren voordat u tot aankoop overgaat. We raden u aan de recensies te lezen en de foto's van klanten te bekijken om er zeker van te zijn dat het product aan uw verwachtingen voldoet."
homepage.bestsellers.title,Titre de la section Best Sellers,Best Sellers,Bestsellers
button.view_products,"Texte bouton ""Voir les Produits""",View Products,Bekijk producten
button.view_on_aliexpress,"Texte bouton ""Voir sur AliExpress""",View on AliExpress,Bekijk op AliExpress
button.discover_reviews,"Texte bouton ""Découvrez les X avis""",Discover the,Ontdek de
button.positive_reviews,"Texte ""avis positifs sur AliExpress""",Positive reviews on AliExpress,Positieve recensies op AliExpress