key,description,en,fr_auto
,,,#VALUE!
,menu,,#VALUE!
home.en,,Home,Accueil
menu.1,,Truck Camper,Cabine
menu.2,,RV Interior,Intérieur
menu.3,,RV Exterior,Extérieur
menu.4,,Van Equipment,Équipements
menu.5,,Auto Parts,Pièces automobiles
menu.6,,RV Accessories ,Accessoires 
,,,#VALUE!
descripton.1,,"Transform your pickup truck into a fully functional mobile home with our comprehensive selection of truck camper equipment and accessories. Whether you're planning weekend getaways or extended road trips, our range includes everything needed to create a comfortable and efficient living space on your truck bed. From slide-in campers and pop-up shells to essential amenities like storage solutions, electrical systems, and insulation kits, we offer practical and affordable options sourced directly from manufacturers. Our truck camper collection focuses on durability, space optimization, and ease of installation, ensuring your vehicle conversion meets your specific travel needs. Whether you're a weekend warrior or a full-time nomad, discover reliable gear that maximizes your truck's potential while maintaining factory-direct pricing. Explore our selection of camper shells, tie-down systems, and interior components designed to enhance comfort and functionality on every adventure.","Transformez votre pick-up en une véritable maison mobile grâce à notre vaste sélection d'équipements et d'accessoires pour camping-cars. Que vous planifiez des escapades de fin de semaine ou de longs voyages, notre gamme comprend tout le nécessaire pour créer un espace de vie confortable et fonctionnel dans votre benne. Des cellules amovibles aux cellules relevables, en passant par les aménagements essentiels comme les solutions de rangement, les systèmes électriques et les kits d'isolation, nous proposons des options pratiques et abordables, directement issues des fabricants. Notre collection de camping-cars pour pick-ups privilégie la durabilité, l'optimisation de l'espace et la facilité d'installation, garantissant ainsi que l'aménagement de votre véhicule réponde parfaitement à vos besoins. Que vous soyez un aventurier du week-end ou un nomade à temps plein, découvrez des équipements fiables qui exploitent au maximum le potentiel de votre pick-up tout en bénéficiant de prix directs d'usine. Explorez notre sélection de cellules amovibles, de systèmes d'arrimage et d'aménagements intérieurs conçus pour améliorer le confort et la fonctionnalité lors de chaque aventure."
descripton.2,,"Create a comfortable and functional living space inside your RV with our comprehensive selection of interior equipment and accessories. Our range includes everything needed to transform your recreational vehicle into a true home on wheels, from furniture and storage solutions to appliances and decorative elements. Whether you're renovating an existing RV or customizing a new one, we offer practical and affordable options sourced directly from manufacturers. Our RV interior collection focuses on space efficiency, durability, and style, ensuring every component enhances your mobile living experience. From compact kitchen appliances and space-saving furniture to climate control systems and lighting solutions, discover reliable gear that maximizes comfort and functionality. Whether you're a weekend camper or a full-time RVer, explore our selection of interior accessories designed to make your RV feel like home while maintaining factory-direct pricing.","Créez un espace de vie confortable et fonctionnel dans votre camping-car grâce à notre vaste sélection d'équipements et d'accessoires intérieurs. Notre gamme comprend tout le nécessaire pour transformer votre véhicule de loisirs en une véritable maison sur roues : mobilier, solutions de rangement, électroménager et éléments décoratifs. Que vous rénoviez un camping-car existant ou que vous en personnalisiez un nouveau, nous vous proposons des options pratiques et abordables, directement issues des fabricants. Notre collection d'aménagements intérieurs pour camping-cars privilégie l'optimisation de l'espace, la durabilité et le style, garantissant que chaque composant améliore votre expérience de vie nomade. Des appareils de cuisine compacts au mobilier gain de place, en passant par les systèmes de climatisation et les solutions d'éclairage, découvrez des équipements fiables qui maximisent le confort et la fonctionnalité. Que vous soyez un campeur occasionnel ou un camping-cariste à temps plein, explorez notre sélection d'accessoires intérieurs conçus pour vous offrir un confort comme à la maison, tout en bénéficiant de prix directs d'usine."
descripton.3,,"Protect and enhance your RV's exterior with our extensive range of equipment and accessories designed for durability, functionality, and style. Our selection includes everything needed to maintain and upgrade your recreational vehicle's outer components, from awnings and covers to lighting systems and storage solutions. Whether you're looking to extend your living space, protect your investment, or improve your RV's appearance, we offer practical and affordable options sourced directly from manufacturers. Our RV exterior collection features weather-resistant materials, easy installation, and long-lasting performance that withstands the elements. From retractable awnings and solar panels to bike racks and storage compartments, discover reliable gear that enhances your RV's capabilities. Whether you're preparing for a weekend trip or a long-term adventure, explore our selection of exterior accessories designed to maximize your RV's potential while maintaining factory-direct pricing.","Protégez et embellissez l'extérieur de votre camping-car grâce à notre vaste gamme d'équipements et d'accessoires conçus pour allier durabilité, fonctionnalité et style. Notre sélection comprend tout le nécessaire pour entretenir et améliorer les éléments extérieurs de votre véhicule de loisirs, des auvents et bâches aux systèmes d'éclairage et solutions de rangement. Que vous souhaitiez agrandir votre espace de vie, protéger votre investissement ou améliorer l'esthétique de votre camping-car, nous vous proposons des options pratiques et abordables, directement issues des fabricants. Notre collection d'accessoires extérieurs pour camping-cars se distingue par des matériaux résistants aux intempéries, une installation facile et une performance durable, à l'épreuve des éléments. Des auvents rétractables et panneaux solaires aux porte-vélos et compartiments de rangement, découvrez des équipements fiables qui optimisent les capacités de votre camping-car. Que vous prépariez une escapade de fin de semaine ou une longue aventure, explorez notre sélection d'accessoires extérieurs conçus pour maximiser le potentiel de votre camping-car tout en bénéficiant de prix directs d'usine."
descripton.4,,"Equip your van for adventure with our comprehensive selection of van conversion equipment and accessories designed for comfort, functionality, and efficiency. Our range includes everything needed to transform your van into a fully functional mobile living space, from insulation and flooring to electrical systems and storage solutions. Whether you're building a weekend camper van or a full-time home on wheels, we offer practical and affordable options sourced directly from manufacturers. Our van equipment collection focuses on space optimization, durability, and ease of installation, ensuring your conversion meets your specific travel and living needs. From roof vents and solar power systems to modular furniture and kitchen components, discover reliable gear that maximizes your van's potential. Whether you're a DIY enthusiast or working with a professional converter, explore our selection designed to create the perfect mobile home while maintaining factory-direct pricing.","Équipez votre fourgon pour l'aventure grâce à notre vaste sélection d'aménagements et d'accessoires conçus pour le confort, la fonctionnalité et l'efficacité. Notre gamme comprend tout le nécessaire pour transformer votre fourgon en un véritable espace de vie mobile : isolation, revêtements de sol, systèmes électriques, solutions de rangement… Que vous aménagiez un camping-car pour le week-end ou une maison sur roues à temps plein, nous vous proposons des options pratiques et abordables, directement issues des fabricants. Notre collection d'équipements pour fourgons privilégie l'optimisation de l'espace, la durabilité et la facilité d'installation, pour un aménagement parfaitement adapté à vos besoins de voyage et de vie. Des aérateurs de toit aux systèmes d'énergie solaire, en passant par le mobilier modulaire et les éléments de cuisine, découvrez des équipements fiables qui exploitent pleinement le potentiel de votre fourgon. Bricoleur averti ou professionnel de l'aménagement, explorez notre sélection conçue pour créer le camping-car idéal à prix direct usine."
descripton.5,,"Keep your vehicle running smoothly and safely with our extensive selection of auto parts and automotive accessories sourced directly from manufacturers. Our range includes essential components for maintenance, repair, and performance enhancement, from engine parts and filters to brake systems and electrical components. Whether you're performing routine maintenance or addressing specific issues, we offer practical and affordable options that meet or exceed OEM specifications. Our auto parts collection features reliable quality, easy installation, and excellent value, ensuring your vehicle performs at its best. From oil filters and spark plugs to suspension components and lighting systems, discover trusted parts that maintain your vehicle's reliability and performance. Whether you're a DIY mechanic or a professional technician, explore our selection of auto parts designed to keep your vehicle in top condition while maintaining factory-direct pricing.","Assurez le bon fonctionnement et la sécurité de votre véhicule grâce à notre vaste sélection de pièces et accessoires automobiles provenant directement des fabricants. Notre gamme comprend les composants essentiels pour l'entretien, la réparation et l'amélioration des performances, des pièces de moteur et filtres aux systèmes de freinage et composants électriques. Que vous effectuiez un entretien courant ou que vous résolviez des problèmes spécifiques, nous proposons des solutions pratiques et abordables qui respectent, voire dépassent, les spécifications des constructeurs. Notre collection de pièces automobiles se distingue par sa qualité fiable, sa facilité d'installation et son excellent rapport qualité-prix, garantissant ainsi les performances optimales de votre véhicule. Des filtres à huile et bougies d'allumage aux composants de suspension et systèmes d'éclairage, découvrez des pièces de confiance qui préservent la fiabilité et les performances de votre véhicule. Que vous soyez un mécanicien amateur ou un professionnel, explorez notre sélection de pièces automobiles conçues pour maintenir votre véhicule en parfait état tout en bénéficiant de prix directs d'usine."
descripton.6,,"Enhance your RV experience with our comprehensive selection of accessories designed to improve comfort, convenience, and functionality on every journey. Our range includes essential add-ons and upgrades that make RV living more enjoyable, from leveling blocks and stabilizer jacks to water management systems and security devices. Whether you're a new RV owner or a seasoned traveler, we offer practical and affordable options sourced directly from manufacturers. Our RV accessories collection focuses on quality, durability, and ease of use, ensuring every product enhances your mobile lifestyle. From sewer hoses and electrical adapters to interior organization solutions and outdoor entertainment equipment, discover reliable gear that makes RV travel more comfortable and stress-free. Whether you're planning weekend getaways or extended adventures, explore our selection of RV accessories designed to maximize your enjoyment on the road while maintaining factory-direct pricing.","Améliorez votre expérience en camping-car grâce à notre vaste sélection d'accessoires conçus pour optimiser votre confort, votre commodité et leur fonctionnalité lors de chaque voyage. Notre gamme comprend des ajouts et des améliorations essentiels qui rendent la vie en camping-car plus agréable, des cales de mise à niveau et des vérins stabilisateurs aux systèmes de gestion de l'eau et aux dispositifs de sécurité. Que vous soyez un nouveau propriétaire de camping-car ou un voyageur aguerri, nous proposons des options pratiques et abordables provenant directement des fabricants. Notre collection d'accessoires pour camping-car privilégie la qualité, la durabilité et la facilité d'utilisation, garantissant que chaque produit améliore votre style de vie nomade. Des tuyaux d'évacuation des eaux usées et des adaptateurs électriques aux solutions d'organisation intérieure et aux équipements de divertissement extérieur, découvrez des équipements fiables qui rendent les voyages en camping-car plus confortables et sereins. Que vous planifiiez des escapades de fin de semaine ou des aventures prolongées, explorez notre sélection d'accessoires pour camping-car conçus pour maximiser votre plaisir sur la route tout en bénéficiant de prix directs d'usine."
,,,#VALUE!
meta.title.menu.1,,Truck Camper Equipment & Accessories | Factory Prices,Équipements et accessoires pour camping-cars | Prix d'usine
meta.title.menu.2,,RV Interior Equipment & Accessories | Factory Prices,Équipements et accessoires intérieurs pour VR | Prix d'usine
meta.title.menu.3,,RV Exterior Equipment & Accessories | Factory Prices,Équipements et accessoires extérieurs pour VR | Prix d'usine
meta.title.menu.4,,Van Conversion Equipment & Accessories | Factory Prices,Équipements et accessoires pour l'aménagement de fourgons | Prix d'usine
meta.title.menu.5,,Auto Parts & Automotive Accessories | Factory Prices,Pièces et accessoires automobiles | Prix d'usine
meta.title.menu.6,,RV Accessories & Camping Essentials | Factory Prices,Accessoires pour VR et articles de camping essentiels | Prix d'usine
,,,#VALUE!
meta.des.menu.1,,Transform your pickup truck into a mobile home with comprehensive truck camper equipment and accessories. Discover slide-in campers,Transformez votre pick-up en maison mobile grâce à un équipement complet d'aménagement et d'accessoires pour camping-cars. Découvrez nos cellules amovibles.
meta.des.menu.2,,Create a comfortable and functional RV interior with furniture,Créez un intérieur de camping-car confortable et fonctionnel avec des meubles
meta.des.menu.3,,Protect and enhance your RV exterior with awnings,Protégez et embellissez l'extérieur de votre camping-car avec des auvents.
meta.des.menu.4,,Convert your van into a fully functional mobile home with insulation,Transformez votre fourgon en une véritable maison mobile grâce à son isolation.
meta.des.menu.5,,Keep your vehicle running smoothly with auto parts and automotive accessories sourced directly from manufacturers. Discover engine components,Assurez le bon fonctionnement de votre véhicule grâce à des pièces et accessoires automobiles provenant directement des fabricants. Découvrez les composants du moteur.
meta.des.menu.6,,Enhance your RV experience with essential accessories for comfort,Améliorez votre expérience en camping-car avec des accessoires essentiels pour plus de confort.
,,,#VALUE!
,,,#VALUE!
,,,#VALUE!
,Footer,,#VALUE!
,,,#VALUE!
footer.link.home,Lien footer Accueil,Home,Accueil
footer.link.sitemap,Lien footer Plan du site,Site map,Plan du site
footer.link.conditions,Lien footer Conditions,Terms of Use,Conditions d'utilisation
footer.link.mentions,Lien footer Mentions légales,Legal notice,Avis juridique
footer.link.policy,Lien footer Politique,Privacy Policy,politique de confidentialité
footer.link.aboutus,Lien footer about us,About us,À propos de nous
,,,#VALUE!
,,,#VALUE!
legal.conditions.title,Titre page Conditions d'utilisation,Terms of Use - AliExpress Affiliate Program,Conditions d'utilisation - Programme d'affiliation AliExpress
legal.mentions.title,Titre page Mentions légales,Legal Notice - AliExpress Affiliate Program,Mentions légales - Programme d'affiliation AliExpress
legal.policy.title,Titre page Politique de confidentialité,Privacy Policy - AliExpress Affiliate Program,Politique de confidentialité - Programme d'affiliation AliExpress
legal.aboutus.title,Titre page about us,About us – RV TRAVEL SHOP,À propos de nous – Magasin de voyages en camping-car
,,,#VALUE!
legal.conditions.meta.description,Description SEO Conditions,AliExpress Affiliate Site Terms of Use,Conditions d'utilisation du site affilié AliExpress
legal.mentions.meta.description,Description SEO Mentions légales,Legal notices for the AliExpress affiliate website,Mentions légales du site affilié AliExpress
legal.policy.meta.description,Description SEO Politique,AliExpress Affiliate Site Privacy Policy,Politique de confidentialité du site affilié AliExpress
legal.aboutus.meta.description,Description SEO About us,"About RV Travel Shop, affordable campervan gear, factory price RV parts, van life mission, reliable van equipment, budget-friendly motorhome gear.","À propos de RV Travel Shop : équipement abordable pour camping-cars, pièces détachées pour camping-cars à prix d'usine, philosophie de vie en van, équipement fiable pour vans, équipement pour camping-cars à prix économique."
,,,#VALUE!
legal.conditions.content,,"<p style=""margin-bottom: 2rem;"">Terms of Use Last updated: 2024</p>
<p style=""margin-bottom: 2rem;"">1. Acceptance of Terms By accessing and using this website, you agree to be bound by these terms of use. If you do not agree to these terms, please do not use this site.</p>
<p style=""margin-bottom: 2rem;"">2. Description of Service This site is an affiliate site that provides links to products available on AliExpress. We do not sell the products directly, but earn a commission on sales made through our affiliate links.</p>
<p style=""margin-bottom: 2rem;"">3. Affiliate Links All links to AliExpress are affiliate links. By clicking on these links and making a purchase, we may receive a commission at no additional cost to you.</p>
<p style=""margin-bottom: 2rem;"">4. Liability We are not responsible for the quality, availability, or delivery of products sold on AliExpress. All disputes concerning products must be resolved directly with AliExpress or the seller.</p>
<p style=""margin-bottom: 2rem;"">5. Intellectual Property The content of this site, including text, images, and logos, is protected by intellectual property laws. Any unauthorized reproduction is prohibited.</p>
<p style=""margin-bottom: 2rem;"">6. Modifications We reserve the right to modify these terms of use at any time. Modifications will take effect immediately upon their posting on the website.</p>
<p style=""margin-bottom: 2rem;"">7. Contact For any questions regarding these terms of use, you can contact us at: contact@evanstudio.com</p>","Conditions d'utilisation - Dernière mise à jour : 2024

1. Acceptation des conditions : En accédant à ce site Web et en l'utilisant, vous acceptez d'être lié par les présentes conditions d'utilisation. Si vous n'acceptez pas ces conditions, veuillez ne pas utiliser ce site.

2. Description du service : Ce site est un site affilié qui fournit des liens vers des produits disponibles sur AliExpress. Nous ne vendons pas les produits directement, mais nous percevons une commission sur les ventes réalisées via nos liens d'affiliation.

3. Liens d'affiliation : Tous les liens vers AliExpress sont des liens d'affiliation. En cliquant sur ces liens et en effectuant un achat, nous pouvons recevoir une commission sans frais supplémentaires pour vous.

4. Responsabilité : Nous ne sommes pas responsables de la qualité, de la disponibilité ou de la livraison des produits vendus sur AliExpress. Tout litige concernant les produits doit être résolu directement avec AliExpress ou le vendeur.

5. Propriété intellectuelle : Le contenu de ce site, y compris les textes, les images et les logos, est protégé par les lois sur la propriété intellectuelle. Toute reproduction non autorisée est interdite.

6. Modifications : Nous nous réservons le droit de modifier les présentes conditions d’utilisation à tout moment. Les modifications entreront en vigueur dès leur publication sur le site web.

7. Contact : Pour toute question concernant les présentes conditions d’utilisation, vous pouvez nous contacter à l’adresse : contact@evanstudio.com"
,,,#VALUE!
legal.mentions.content,,"<p>Last updated: 2024</p>
<h2>1. Website Publisher</h2>
<ul>
    <li>Company name: EVAN STUDIO CO.LTD</li>
    <li>Email: contact@evanstudio.net</li>
</ul>
<h2>2. Publication Director</h2>
<p>EVAN STUDIO CO.LTD (Director and Owner)</p>
<h2>3. Hosting</h2>
<ul>
    <li>Host: Cloudflare</li>
    <li>Address: 101 Townsend St, San Francisco, CA 94107, USA</li>
</ul>
<h2>4. Intellectual Property</h2>
<p>This entire website is governed by French and international legislation on copyright and intellectual property. All rights of reproduction are reserved, including for downloadable documents and iconographic and photographic representations. Reproduction of all or part of this website on any electronic medium whatsoever is strictly prohibited without the express authorization of the publication director.</p>
<h2>5. Protection of Personal Data</h2>
<p>In accordance with the French Data Protection Act of 6 January 1978, as amended, and the General Data Protection Regulation (GDPR), you have the right to access, rectify, erase, and object to the processing of your personal data. To exercise this right, you can contact us at: contact@alxgroup.com</p>
<h2>6. External Links</h2>
<p>This site contains links to external websites. We are not responsible for the content of these external websites or their privacy policies.</p>
<h2>7. Cookies</h2>
<p>This site may use cookies to improve the user experience. For more information, please see our <a href=""https://policies.google.com/privacy?hl=en-US"">Privacy Policy</a>.</p>
<h2>8. Contact</h2>
<p>For any questions regarding these legal notices, you can contact us at: contact@evanstudio.com</p>","<p>Dernière mise à jour : 2024</p>

<h2>1. Éditeur du site web</h2>

<ul>

<li>Nom de l’entreprise : EVAN STUDIO CO.LTD</li>

<li>Courriel : contact@evanstudio.net</li>

</ul>
<h2>2. Directeur de la publication</h2>

<p>EVAN STUDIO CO.LTD (Directeur et propriétaire)</p>

<h2>3. Hébergement</h2>

<ul>
<li>Hébergeur : Cloudflare</li>

<li>Adresse : 101 Townsend St, San Francisco, CA 94107, États-Unis</li>

</ul>
<h2>4. Propriété intellectuelle</h2>

<p>L’intégralité de ce site web est protégée par la législation française et internationale sur le droit d’auteur et la propriété intellectuelle. Tous les droits de reproduction sont réservés, y compris pour les documents téléchargeables et les représentations iconographiques et photographiques. La reproduction de tout ou partie de ce site web sur quelque support électronique que ce soit est strictement interdite sans l'autorisation expresse du directeur de la publication.</p>

<h2>5. Protection des données personnelles</h2>

<p>Conformément à la loi française Informatique et Libertés du 6 janvier 1978 modifiée et au Règlement général sur la protection des données (RGPD), vous disposez d'un droit d'accès, de rectification, d'effacement et d'opposition au traitement de vos données personnelles. Pour exercer ce droit, vous pouvez nous contacter à l'adresse : contact@alxgroup.com</p>

<h2>6. Liens externes</h2>

<p>Ce site contient des liens vers des sites web externes. Nous ne sommes pas responsables du contenu de ces sites ni de leurs politiques de confidentialité.</p>

<h2>7. Cookies</h2>

<p>Ce site peut utiliser des cookies pour améliorer votre expérience utilisateur. Pour plus d'informations, veuillez consulter notre <a href=""https://policies.google.com/privacy?hl=en-US"">Politique de confidentialité</a>.</p>

<h2>8. Contactez-nous</h2>

<p>Pour toute question concernant ces mentions légales, vous pouvez nous contacter à l'adresse : contact@evanstudio.com</p>"
,,,#VALUE!
legal.policy.content,,"<p>Last updated: 2024</p>
<h2>1. Introduction</h2>
<p>This privacy policy describes how we collect, use, and protect your personal information when you use our website.</p>
<h2>2. Data Collected</h2>
<ul>
    <li>Browsing data: IP address, browser type, pages visited, visit duration</li>
    <li>Cookies: to improve your user experience and analyze traffic</li>
    <li>Contact data: if you contact us via the form or email</li>
</ul>
<h2>3. Use of Data</h2>
<ul>
    <li>Improve the website's functionality</li>
    <li>Analyze website traffic and usage</li>
    <li>Contact you in response to your inquiries</li>
    <li>Comply with our legal obligations</li>
</ul>
<h2>4. Cookies</h2>
<ul>
    <li>Remember your preferences</li>
    <li>Analyze website traffic</li>
    <li>Improve the user experience</li>
</ul>
<p>You can disable cookies in your browser settings, but this may affect some website functionality.</p>
<h2>5. Data Sharing</h2>
<p>We do not sell, rent, or share your personal data with third parties, except:</p>
<ul>
    <li>When required by law</li>
    <li>With your explicit consent</li>
    <li>With our service providers (hosting, analytics) under a confidentiality agreement</li>
</ul>
<h2>6. Data Security</h2>
<p>We implement appropriate security measures to protect your personal data against unauthorized access, modification, disclosure, or destruction.</p>
<h2>7. Your Rights (GDPR)</h2>
<ul>
    <li>Right of access: you can request a copy of your personal data</li>
    <li>Right to rectification: you can correct your inaccurate data</li>
    <li>Right to erasure: you can request the deletion of your data</li>
    <li>Right to object: You can object to the processing of your personal data under certain circumstances.</li>
</ul>","<p>Dernière mise à jour : 2024</p>

<h2>1. Introduction</h2>

<p>Cette politique de confidentialité décrit comment nous recueillons, utilisons et protégeons vos renseignements personnels lorsque vous utilisez notre site Web.</p>

<h2>2. Données collectées</h2>

<ul>
<li>Données de navigation : adresse IP, type de navigateur, pages visitées, durée de la visite</li>

<li>Cookies : pour améliorer votre expérience utilisateur et analyser le trafic</li>

<li>Données de contact : si vous nous contactez par le formulaire ou par courriel</li>

</ul>

<h2>3. Utilisation des données</h2>

<ul>
<li>Améliorer les fonctionnalités du site Web</li>

<li>Analyser le trafic et l’utilisation du site Web</li>

<li>Vous contacter en réponse à vos demandes</li>

<li>Respecter nos obligations légales</li>

</ul>

<h2>4. Cookies</h2>

<ul>
<li>Mémoriser vos préférences</li>

<li>Analyser le trafic du site web</li>

<li>Améliorer l'expérience utilisateur</li>

</ul>
<p>Vous pouvez désactiver les cookies dans les paramètres de votre navigateur, mais cela peut affecter certaines fonctionnalités du site web.</p>

<h2>5. Partage des données</h2>

<p>Nous ne vendons, ne louons ni ne partageons vos données personnelles avec des tiers, sauf :</p>

<ul>
<li>Lorsque la loi l'exige</li>

<li>Avec votre consentement explicite</li>

<li>Avec nos prestataires de services (hébergement, analyse) dans le cadre d'un accord de confidentialité</li>

</ul>

<h2>6. Sécurité des données</h2>

<p>Nous mettons en œuvre des mesures de sécurité appropriées pour protéger vos données personnelles contre tout accès, modification, divulgation ou destruction non autorisés.</p>

<h2>7. Vos droits (RGPD)</h2>

<ul>

<li>Droit d'accès : vous pouvez demander une copie de vos données personnelles</li>

<li>Droit de rectification : vous pouvez corriger vos données inexactes</li>

<li>Droit à l'effacement : vous pouvez demander la suppression de vos données</li>

<li>Droit d'opposition : vous pouvez vous opposer au traitement de vos données personnelles dans certaines circonstances.</li>
</ul>"
,,,#VALUE!
,,,#VALUE!
,,,#VALUE!
,,,#VALUE!
legal.aboutus.content,,"<p>
RV TRAVEL SHOP was created with a simple goal: <strong>make motorhome and van equipment accessible to everyone at a fair price</strong>.
</p>

<p>
We work with numerous brands and manufacturers directly from specialized factories, notably through trusted platforms such as <strong>AliExpress</strong>. By sourcing as close to the production line as possible, we are able to offer <strong>factory-level prices</strong> while providing a wide selection of accessories for your nomadic journeys.
</p>

<h2>What We Offer</h2>

<p>
Our catalog covers a broad range of needs for the ""Van Life,"" including:
</p>

<p>
• Technical equipment and onboard power systems<br>
• Kitchen accessories and interior outfitting<br>
• Camping gear and outdoor furniture<br>
• Water, heating, and sanitation solutions<br>
• Storage and space optimization for vans
</p>

<h2>Our Approach</h2>

<p>
Instead of focusing on expensive marketing budgets or unnecessary intermediaries, RV TRAVEL SHOP prioritizes <strong>value, variety, and accessibility</strong>. This approach allows us to offer competitive pricing without compromising on the practicality and utility of our products.
</p>

<p>
We carefully select our items based on traveler demand, durability, and community feedback, ensuring we always meet the real-world needs of life on the road.
</p>

<h2>Our Philosophy</h2>

<p>
RV TRAVEL SHOP is for weekend warriors, digital nomads, and freedom seekers looking for <strong>reliable gear at the right price</strong>, without paying for unjustified markups.
</p>

<p>
<strong>Drive more. Explore more. Pay less.</strong><br>
That’s the RV TRAVEL SHOP philosophy.
</p>","<p>
RV TRAVEL SHOP a été créé avec un objectif simple : <strong>rendre l’équipement pour camping-cars et fourgons accessible à tous à un prix juste</strong>.

</p>

<p> Nous travaillons avec de nombreuses marques et fabricants directement auprès d’usines spécialisées, notamment via des plateformes de confiance comme <strong>AliExpress</strong>. En nous approvisionnant au plus près de la chaîne de production, nous sommes en mesure de proposer des <strong>prix d’usine</strong> tout en offrant une large sélection d’accessoires pour vos voyages nomades.

</p>

<h2>Ce que nous proposons</h2>

<p>
Notre catalogue couvre un large éventail de besoins pour la vie en van aménagé, notamment :

</p>

<p>
• Équipements techniques et systèmes d'alimentation embarqués<br>

• Accessoires de cuisine et aménagement intérieur<br>

• Matériel de camping et mobilier d'extérieur<br>

• Solutions pour l'eau, le chauffage et les sanitaires<br>

• Optimisation du rangement et de l'espace pour les vans

</p>

<h2>Notre approche</h2>

<p> Plutôt que de privilégier des budgets marketing onéreux ou des intermédiaires superflus, RV TRAVEL SHOP mise sur <strong>la qualité, la variété et l'accessibilité</strong>. Cette approche nous permet de proposer des prix compétitifs sans compromettre la praticité et l'utilité de nos produits.

</p>

<p> Nous sélectionnons avec soin nos articles en fonction de la demande des voyageurs, de leur durabilité et des avis de la communauté, afin de toujours répondre aux besoins concrets de la vie sur la route. </p>

<h2>Notre philosophie</h2>

<p> RV TRAVEL SHOP s'adresse aux aventuriers du week-end, aux nomades numériques et aux amoureux de la liberté qui recherchent du <strong>équipement fiable au juste prix</strong>, sans marges injustifiées.

</p>

<p>
<strong>Roulez plus. Explorez plus. Payez moins.</strong><br>
Telle est la philosophie de RV TRAVEL SHOP.

</p>"
,,,#VALUE!
,,,#VALUE!
,,,#VALUE!
footer.copyright,Texte copyright footer,© 2024 AliExpress Affiliate. All rights reserved.,© 2024 Partenaire AliExpress. Tous droits réservés.
footer.contact,Texte contact footer,Contact us:,Contactez-nous:
site.domain,Domaine du site (URL de base),https://rvtravelshop.com,https://rvtravelshop.com
site.contact.email,Adresse email de contact,contact@evanstudio.net,contact@evanstudio.net
,,,#VALUE!
,,,#VALUE!
,,,#VALUE!
,,,#VALUE!
,,,#VALUE!
,,,#VALUE!
,,,#VALUE!
,Index,,#VALUE!
,,,#VALUE!
site.meta.title,Titre SEO du site (page d'accueil),RV TRAVEL SHOP | Camping Car & Van Equipment at Factory Prices,MAGASIN DE VOYAGES POUR VR | Équipement pour camping-cars et fourgonnettes à prix d'usine
site.meta.description,Description SEO du site (page d'accueil),"Shop quality van life and motorhome equipment. From solar kits to kitchen gear, get factory prices for your adventures. Drive more, pay less!","Découvrez notre gamme d'équipements de qualité pour la vie en van et en camping-car. Kits solaires, ustensiles de cuisine… profitez de prix d'usine pour vos aventures. Roulez plus, payez moins !"
homepage.hero.title,Titre principal de la page d'accueil (hero),Discover the Best Products of RV TRAVEL SHOP,Découvrez les meilleurs produits de RV TRAVEL SHOP
homepage.hero.subtitle,Sous-titre de la page d'accueil (hero),Exclusive offers and competitive prices for all your needs,Des offres exclusives et des prix compétitifs pour tous vos besoins
homepage.hero.button,Texte du bouton hero,View Products,Voir les produits
homepage.hero.button.url,URL du lien du bouton hero,https://rvtravelshop.com,https://rvtravelshop.com
,,,#VALUE!
,,,#VALUE!
,,,#VALUE!
,,,#VALUE!
,,,#VALUE!
,,,#VALUE!
,,,#VALUE!
,,,#VALUE!
,,,#VALUE!
,,,#VALUE!
,,,#VALUE!
,,,#VALUE!
,,,#VALUE!
,,,#VALUE!
,,,#VALUE!
,,,#VALUE!
,,,#VALUE!
,,,#VALUE!
,,,#VALUE!
,,,#VALUE!
,presentation,,#VALUE!
,,,#VALUE!
homepage.presentation.title,Titre de la section présentation marque,About RV TRAVEL SHOP,À propos de RV TRAVEL SHOP
homepage.presentation.content,Contenu de la section présentation marque,"RV TRAVEL SHOP is your premier destination for affordable campervan, motorhome, and van life equipment at factory prices. We offer a wide range of specialized gear sourced directly from manufacturers through trusted platforms like AliExpress. By working at the source, we eliminate unnecessary intermediaries to pass the savings directly to you. Our selection includes everything from solar power systems and interior fittings to outdoor camping gear and sanitation solutions. Whether you are a weekend adventurer or a full-time digital nomad, RV TRAVEL SHOP helps you stay equipped and ready for the road—without overpaying.","RV TRAVEL SHOP est votre destination privilégiée pour l'équipement de camping-car, de fourgon aménagé et de van aménagé à prix d'usine. Nous proposons une large gamme d'équipements spécialisés, provenant directement des fabricants via des plateformes de confiance comme AliExpress. En travaillant à la source, nous éliminons les intermédiaires inutiles et vous faisons ainsi profiter directement des économies réalisées. Notre sélection comprend tout, des systèmes d'énergie solaire et aménagements intérieurs au matériel de camping et aux solutions sanitaires. Que vous soyez un aventurier du week-end ou un nomade digital à temps plein, RV TRAVEL SHOP vous aide à rester équipé et prêt à prendre la route, sans vous ruiner."
,,,#VALUE!
,,,#VALUE!
,,,#VALUE!
,,,#VALUE!
,,,#VALUE!
,,,#VALUE!
homepage.advantages.title,Titre de la section avantages,</section>,</section>
homepage.advantages.factory_price.title,Titre avantage: Prix Direct Usine,Factory Direct Price,Prix ​​direct usine
homepage.advantages.factory_price.description,Description avantage: Prix Direct Usine,Benefit from factory-direct pricing without intermediaries.,"Bénéficiez de prix directs d'usine, sans intermédiaires."
homepage.advantages.worldwide_shipping.title,Titre avantage: Livraison Mondiale,Worldwide Delivery,Livraison internationale
homepage.advantages.worldwide_shipping.description,Description avantage: Livraison Mondiale,Worldwide delivery for all your needs,Livraison dans le monde entier pour tous vos besoins
homepage.advantages.customer_service.title,Titre avantage: Service Après-Vente Réactif,Responsive After-Sales Service,Service après-vente réactif
homepage.advantages.customer_service.description,Description avantage: Service Après-Vente Réactif,A responsive and available after-sales service to assist you,Un service après-vente réactif et disponible pour vous assister
homepage.advantages.secure_payment.title,Titre avantage: Paiement Sécurisé,Secure Payment,Paiement sécurisé
homepage.advantages.secure_payment.description,Description avantage: Paiement Sécurisé,Secure payment by credit card with maximum protection,Paiement sécurisé par carte bancaire avec protection maximale
homepage.faq.title,Titre de la section FAQ,Frequently Asked Questions,Foire aux questions
homepage.categories.title,Titre de la section catégories,Our Categories,Nos catégories
homepage.testimonials.title,Titre de la section témoignages,Customer Reviews,Avis clients
homepage.stats.title,Titre de la section statistiques,Our Key Figures,Nos chiffres clés
homepage.stats.products.number,Nombre de produits,2800,2800
homepage.stats.products.label,Label produits,Products Available,Produits disponibles
homepage.stats.countries.number,Nombre de pays,108,108
homepage.stats.countries.label,Label pays,Country of Delivery,Pays de livraison
homepage.stats.satisfaction.number,Taux de satisfaction,98 %,98 %
homepage.stats.satisfaction.label,Label satisfaction,Customer Satisfaction,Satisfaction client
homepage.stats.support.number,Support client,24/7,24h/24 et 7j/7
homepage.stats.support.label,Label support,Customer Service,Service client
homepage.testimonials.1.name,Nom du témoignage 1,Jack D.,Jack D.
homepage.testimonials.1.text,Texte du témoignage 1,"Excellent service! I ordered a rooftop car tent and I’m extremely satisfied. The quality is outstanding, the delivery was fast, and the packaging was secure. The tent is exactly as described—strong, comfortable, and very easy to set up. It has completely upgraded our road trips and camping experience. I highly recommend it without hesitation.","Service excellent ! J'ai commandé une tente de toit pour voiture et j'en suis extrêmement satisfait. La qualité est remarquable, la livraison a été rapide et l'emballage impeccable. La tente est conforme à la description : robuste, confortable et très facile à monter. Elle a transformé nos voyages en voiture et nos séjours en camping. Je la recommande sans hésiter."
homepage.testimonials.2.name,Nom du témoignage 2,Marine G.,Marine G.
homepage.testimonials.2.text,Texte du témoignage 2,"Excellent value for money. I bought a gas heater for my camper van and it fully matches the description. The heater is efficient, reliable, and well built, providing fast and consistent warmth even in cold conditions. Delivery was on time, the packaging was secure, and the product exceeded my expectations.","Excellent rapport qualité-prix. J'ai acheté un chauffage à gaz pour mon camping-car et il correspond parfaitement à la description. Ce chauffage est efficace, fiable et robuste ; il diffuse une chaleur rapide et constante, même par temps froid. La livraison a été effectuée dans les délais, l'emballage était soigné et le produit a dépassé mes attentes."
homepage.testimonials.3.name,Nom du témoignage 3,Fabrice L.,Fabrice L.
homepage.testimonials.3.text,Texte du témoignage 3,"Perfect! I ordered outdoor camping chairs and I’m very satisfied. The quality is excellent, the price is competitive, and the delivery went smoothly. The chairs are sturdy, comfortable, and well designed, making them ideal for camping, road trips, and outdoor use. I will definitely be back!","Parfait ! J'ai commandé des chaises de camping et j'en suis ravi. La qualité est excellente, le prix est compétitif et la livraison s'est déroulée sans problème. Les chaises sont robustes, confortables et bien conçues, ce qui les rend idéales pour le camping, les voyages en voiture et les activités de plein air. Je repasserai commande sans hésiter !"
homepage.testimonials.4.name,Nom du témoignage 4,Rose K.,Rose K.
homepage.testimonials.4.text,Texte du témoignage 4,"Responsive customer service and quality product. I had a quick question before ordering and received a prompt and helpful reply. The inflatable mattress perfectly matches the photos and description. The build quality is excellent, it inflates easily, and it’s very comfortable for sleeping. It performed exactly as expected and made our camping nights much more enjoyable. Very satisfied with my purchase!

","Service client réactif et produit de qualité. J'avais une question rapide avant de commander et j'ai reçu une réponse rapide et utile. Le matelas gonflable correspond parfaitement aux photos et à la description. Sa qualité de fabrication est excellente, il se gonfle facilement et il est très confortable pour dormir. Il a répondu à toutes mes attentes et a rendu nos nuits de camping bien plus agréables. Je suis très satisfait de mon achat !

"
,,,#VALUE!
,,,#VALUE!
,,,#VALUE!
,,,#VALUE!
,FAQ,,#VALUE!
homepage.faq.1.question,Question FAQ 1,What are the delivery times?,Quels sont les délais de livraison ?
homepage.faq.1.answer,Réponse FAQ 1,"Delivery times vary depending on your location and the seller. Generally, standard delivery takes between 15 and 30 business days. Some sellers offer express delivery (7-15 days) for an additional fee. You can check the exact delivery times on each AliExpress product page before placing your order.","Les délais de livraison varient selon votre lieu de résidence et le vendeur. En général, la livraison standard prend entre 15 et 30 jours ouvrables. Certains vendeurs proposent une livraison express (7 à 15 jours) moyennant un supplément. Vous pouvez consulter les délais de livraison exacts sur chaque page produit AliExpress avant de passer votre commande."
homepage.faq.2.question,Question FAQ 2,What payment methods are accepted?,Quels sont les modes de paiement acceptés ?
homepage.faq.2.answer,Réponse FAQ 2,"AliExpress accepts several secure payment methods: credit cards (Visa, Mastercard), PayPal, bank transfer, and other methods depending on your country. All payments are secure and protected by AliExpress's Buyer Protection system. You will only be charged once your order has shipped.","AliExpress accepte plusieurs modes de paiement sécurisés : cartes bancaires (Visa, Mastercard), PayPal, virement bancaire et autres méthodes selon votre pays. Tous les paiements sont sécurisés et protégés par le système de protection des acheteurs d’AliExpress. Vous ne serez débité qu’une fois votre commande expédiée."
homepage.faq.3.question,Question FAQ 3,Is there a warranty on the products?,Les produits sont-ils garantis ?
homepage.faq.3.answer,Réponse FAQ 3,"Yes, all products sold on AliExpress are covered by the AliExpress Buyer Guarantee. This guarantee covers defective products, products that do not match the description, or products that were not received. You generally have 15 days after receipt to open a dispute if necessary. In addition, many sellers offer their own extended warranties (6 months, 1 year, etc.), which you can find on the product page.","Oui, tous les produits vendus sur AliExpress sont couverts par la Garantie Acheteur AliExpress. Cette garantie couvre les produits défectueux, les produits non conformes à la description ou les produits non reçus. Vous disposez généralement de 15 jours après réception pour ouvrir un litige si nécessaire. De plus, de nombreux vendeurs proposent leurs propres extensions de garantie (6 mois, 1 an, etc.), que vous trouverez sur la page du produit."
homepage.faq.4.question,Question FAQ 4,What should I do if there's a problem with my order?,Que dois-je faire en cas de problème avec ma commande ?
homepage.faq.4.answer,Réponse FAQ 4,"If you encounter a problem (defective product, not received, non-compliant), you can open a dispute directly from your AliExpress account in the ""My Orders"" section. AliExpress customer service will assist you in resolving the issue. Most disputes are resolved quickly, often in your favor if you provide the necessary evidence (photos, description of the problem).","En cas de problème (produit défectueux, non reçu, non conforme), vous pouvez ouvrir un litige directement depuis votre compte AliExpress, dans la section « Mes commandes ». Le service client d'AliExpress vous aidera à résoudre le problème. La plupart des litiges sont résolus rapidement, souvent en votre faveur si vous fournissez les preuves nécessaires (photos, description du problème)."
homepage.faq.5.question,Question FAQ 5,Are the products authentic and of good quality?,Les produits sont-ils authentiques et de bonne qualité ?
homepage.faq.5.answer,Réponse FAQ 5,"We select only quality products from verified and positively rated sellers on AliExpress. Each product displays customer reviews and ratings, allowing you to check the quality before purchasing. We recommend reading reviews and checking photos shared by customers to ensure the product meets your expectations.","Nous sélectionnons uniquement des produits de qualité provenant de vendeurs vérifiés et bien notés sur AliExpress. Chaque produit affiche les avis et les notes des clients, vous permettant ainsi de vérifier sa qualité avant l'achat. Nous vous recommandons de lire les avis et de consulter les photos partagées par les clients afin de vous assurer que le produit correspond à vos attentes."
homepage.bestsellers.title,Titre de la section Best Sellers,Best Sellers,Meilleures ventes
button.view_products,"Texte bouton ""Voir les Produits""",View Products,Voir les produits
button.view_on_aliexpress,"Texte bouton ""Voir sur AliExpress""",View on AliExpress,Voir sur AliExpress
button.discover_reviews,"Texte bouton ""Découvrez les X avis""",Discover the,Découvrez le
button.positive_reviews,"Texte ""avis positifs sur AliExpress""",Positive reviews on AliExpress,Avis positifs sur AliExpress