key,description,en,sv_auto
,,,#VALUE!
,menu,,#VALUE!
home.en,,Home,Hem
menu.1,,Truck Camper,Truck Camper
menu.2,,RV Interior,Inredning
menu.3,,RV Exterior,Exteriör
menu.4,,Van Equipment,Van-utrustning
menu.5,,Auto Parts,Bildelar
menu.6,,RV Accessories ,Tillbehör
,,,#VALUE!
descripton.1,,"Transform your pickup truck into a fully functional mobile home with our comprehensive selection of truck camper equipment and accessories. Whether you're planning weekend getaways or extended road trips, our range includes everything needed to create a comfortable and efficient living space on your truck bed. From slide-in campers and pop-up shells to essential amenities like storage solutions, electrical systems, and insulation kits, we offer practical and affordable options sourced directly from manufacturers. Our truck camper collection focuses on durability, space optimization, and ease of installation, ensuring your vehicle conversion meets your specific travel needs. Whether you're a weekend warrior or a full-time nomad, discover reliable gear that maximizes your truck's potential while maintaining factory-direct pricing. Explore our selection of camper shells, tie-down systems, and interior components designed to enhance comfort and functionality on every adventure.","Förvandla din pickup till ett fullt fungerande husbilshem med vårt omfattande utbud av utrustning och tillbehör till husbilar. Oavsett om du planerar weekendresor eller längre bilresor, innehåller vårt sortiment allt som behövs för att skapa ett bekvämt och effektivt boendeutrymme på ditt lastbilsflak. Från inskjutbara husbilar och popup-skal till viktiga bekvämligheter som förvaringslösningar, elsystem och isoleringskit, erbjuder vi praktiska och prisvärda alternativ som kommer direkt från tillverkare. Vår kollektion av husbilar fokuserar på hållbarhet, utrymmesoptimering och enkel installation, vilket säkerställer att din fordonsombyggnad uppfyller dina specifika resebehov. Oavsett om du är en weekendkrigare eller en heltidsnomad, upptäck pålitlig utrustning som maximerar din lastbils potential samtidigt som du bibehåller fabrikspriser. Utforska vårt urval av husbilsskal, surrningssystem och interiörkomponenter utformade för att förbättra komfort och funktionalitet på varje äventyr."
descripton.2,,"Create a comfortable and functional living space inside your RV with our comprehensive selection of interior equipment and accessories. Our range includes everything needed to transform your recreational vehicle into a true home on wheels, from furniture and storage solutions to appliances and decorative elements. Whether you're renovating an existing RV or customizing a new one, we offer practical and affordable options sourced directly from manufacturers. Our RV interior collection focuses on space efficiency, durability, and style, ensuring every component enhances your mobile living experience. From compact kitchen appliances and space-saving furniture to climate control systems and lighting solutions, discover reliable gear that maximizes comfort and functionality. Whether you're a weekend camper or a full-time RVer, explore our selection of interior accessories designed to make your RV feel like home while maintaining factory-direct pricing.","Skapa ett bekvämt och funktionellt boendeutrymme i din husbil med vårt omfattande urval av inredningsutrustning och tillbehör. Vårt sortiment inkluderar allt som behövs för att förvandla ditt fritidsfordon till ett riktigt hem på hjul, från möbler och förvaringslösningar till vitvaror och dekorativa element. Oavsett om du renoverar en befintlig husbil eller anpassar en ny, erbjuder vi praktiska och prisvärda alternativ som kommer direkt från tillverkare. Vår husbilsinredningskollektion fokuserar på utrymmeseffektivitet, hållbarhet och stil, vilket säkerställer att varje komponent förbättrar din mobila boendeupplevelse. Från kompakta köksapparater och platsbesparande möbler till klimatkontrollsystem och belysningslösningar, upptäck pålitlig utrustning som maximerar komfort och funktionalitet. Oavsett om du är en weekendcampare eller en heltidshusbilsägare, utforska vårt urval av inredningstillbehör som är utformade för att få din husbil att kännas som hemma samtidigt som du bibehåller fabriksdirekta priser."
descripton.3,,"Protect and enhance your RV's exterior with our extensive range of equipment and accessories designed for durability, functionality, and style. Our selection includes everything needed to maintain and upgrade your recreational vehicle's outer components, from awnings and covers to lighting systems and storage solutions. Whether you're looking to extend your living space, protect your investment, or improve your RV's appearance, we offer practical and affordable options sourced directly from manufacturers. Our RV exterior collection features weather-resistant materials, easy installation, and long-lasting performance that withstands the elements. From retractable awnings and solar panels to bike racks and storage compartments, discover reliable gear that enhances your RV's capabilities. Whether you're preparing for a weekend trip or a long-term adventure, explore our selection of exterior accessories designed to maximize your RV's potential while maintaining factory-direct pricing.","Skydda och förbättra din husbils exteriör med vårt omfattande utbud av utrustning och tillbehör utformade för hållbarhet, funktionalitet och stil. Vårt urval inkluderar allt som behövs för att underhålla och uppgradera ditt fritidsfordons yttre komponenter, från markiser och överdrag till belysningssystem och förvaringslösningar. Oavsett om du vill utöka ditt bostadsutrymme, skydda din investering eller förbättra din husbils utseende, erbjuder vi praktiska och prisvärda alternativ som kommer direkt från tillverkare. Vår kollektion av husbilsexteriörer har väderbeständiga material, enkel installation och långvarig prestanda som motstår elementen. Från infällbara markiser och solpaneler till cykelhållare och förvaringsfack, upptäck pålitlig utrustning som förbättrar din husbils kapacitet. Oavsett om du förbereder dig för en weekendresa eller ett långsiktigt äventyr, utforska vårt urval av exteriöra tillbehör utformade för att maximera din husbils potential samtidigt som du bibehåller fabriksdirektprissättning."
descripton.4,,"Equip your van for adventure with our comprehensive selection of van conversion equipment and accessories designed for comfort, functionality, and efficiency. Our range includes everything needed to transform your van into a fully functional mobile living space, from insulation and flooring to electrical systems and storage solutions. Whether you're building a weekend camper van or a full-time home on wheels, we offer practical and affordable options sourced directly from manufacturers. Our van equipment collection focuses on space optimization, durability, and ease of installation, ensuring your conversion meets your specific travel and living needs. From roof vents and solar power systems to modular furniture and kitchen components, discover reliable gear that maximizes your van's potential. Whether you're a DIY enthusiast or working with a professional converter, explore our selection designed to create the perfect mobile home while maintaining factory-direct pricing.","Utrusta din skåpbil för äventyr med vårt omfattande urval av utrustning och tillbehör för skåpbilsombyggnad, utformade för komfort, funktionalitet och effektivitet. Vårt sortiment inkluderar allt som behövs för att förvandla din skåpbil till ett fullt funktionellt mobilt boende, från isolering och golv till elsystem och förvaringslösningar. Oavsett om du bygger en weekendhusbil eller ett heltidsboende på hjul, erbjuder vi praktiska och prisvärda alternativ som kommer direkt från tillverkare. Vår kollektion av skåpbilsutrustning fokuserar på utrymmesoptimering, hållbarhet och enkel installation, vilket säkerställer att din ombyggnad uppfyller dina specifika rese- och boendebehov. Från takventiler och solenergisystem till modulära möbler och kökskomponenter, upptäck pålitlig utrustning som maximerar din skåpbils potential. Oavsett om du är en gör-det-själv-entusiast eller arbetar med en professionell ombyggare, utforska vårt urval som är utformat för att skapa det perfekta mobila hemmet samtidigt som du bibehåller fabriksdirekta priser."
descripton.5,,"Keep your vehicle running smoothly and safely with our extensive selection of auto parts and automotive accessories sourced directly from manufacturers. Our range includes essential components for maintenance, repair, and performance enhancement, from engine parts and filters to brake systems and electrical components. Whether you're performing routine maintenance or addressing specific issues, we offer practical and affordable options that meet or exceed OEM specifications. Our auto parts collection features reliable quality, easy installation, and excellent value, ensuring your vehicle performs at its best. From oil filters and spark plugs to suspension components and lighting systems, discover trusted parts that maintain your vehicle's reliability and performance. Whether you're a DIY mechanic or a professional technician, explore our selection of auto parts designed to keep your vehicle in top condition while maintaining factory-direct pricing.","Håll ditt fordon igång smidigt och säkert med vårt omfattande utbud av bildelar och biltillbehör som kommer direkt från tillverkare. Vårt sortiment inkluderar viktiga komponenter för underhåll, reparation och prestandaförbättring, från motordelar och filter till bromssystem och elektriska komponenter. Oavsett om du utför rutinmässigt underhåll eller tar itu med specifika problem, erbjuder vi praktiska och prisvärda alternativ som uppfyller eller överträffar OEM-specifikationer. Vårt bildelasersortiment kännetecknas av pålitlig kvalitet, enkel installation och utmärkt värde, vilket säkerställer att ditt fordon presterar optimalt. Från oljefilter och tändstift till fjädringskomponenter och belysningssystem, upptäck pålitliga delar som bibehåller ditt fordons tillförlitlighet och prestanda. Oavsett om du är en gör-det-själv-mekaniker eller en professionell tekniker, utforska vårt utbud av bildelar som är utformade för att hålla ditt fordon i toppskick samtidigt som du bibehåller fabrikspriser."
descripton.6,,"Enhance your RV experience with our comprehensive selection of accessories designed to improve comfort, convenience, and functionality on every journey. Our range includes essential add-ons and upgrades that make RV living more enjoyable, from leveling blocks and stabilizer jacks to water management systems and security devices. Whether you're a new RV owner or a seasoned traveler, we offer practical and affordable options sourced directly from manufacturers. Our RV accessories collection focuses on quality, durability, and ease of use, ensuring every product enhances your mobile lifestyle. From sewer hoses and electrical adapters to interior organization solutions and outdoor entertainment equipment, discover reliable gear that makes RV travel more comfortable and stress-free. Whether you're planning weekend getaways or extended adventures, explore our selection of RV accessories designed to maximize your enjoyment on the road while maintaining factory-direct pricing.","Förbättra din husbilsupplevelse med vårt omfattande utbud av tillbehör utformade för att förbättra komfort, bekvämlighet och funktionalitet på varje resa. Vårt sortiment inkluderar viktiga tillägg och uppgraderingar som gör husbilslivet roligare, från nivåutjämnare och stabilisatorer till vattenhanteringssystem och säkerhetsanordningar. Oavsett om du är en ny husbilsägare eller en erfaren resenär erbjuder vi praktiska och prisvärda alternativ som kommer direkt från tillverkare. Vår kollektion av husbilstillbehör fokuserar på kvalitet, hållbarhet och användarvänlighet, vilket säkerställer att varje produkt förbättrar din mobila livsstil. Från avloppsslangar och eladaptrar till inredningslösningar och utomhusunderhållningsutrustning, upptäck pålitlig utrustning som gör husbilsresor mer bekväma och stressfria. Oavsett om du planerar weekendresor eller längre äventyr, utforska vårt utbud av husbilstillbehör utformade för att maximera din njutning på vägen samtidigt som du bibehåller fabriksdirekta priser."
,,,#VALUE!
meta.title.menu.1,,Truck Camper Equipment & Accessories | Factory Prices,Utrustning och tillbehör till husbilar | Fabrikspriser
meta.title.menu.2,,RV Interior Equipment & Accessories | Factory Prices,Husbilsinredning och tillbehör | Fabrikspriser
meta.title.menu.3,,RV Exterior Equipment & Accessories | Factory Prices,Husbilsutrustning och tillbehör | Fabrikspriser
meta.title.menu.4,,Van Conversion Equipment & Accessories | Factory Prices,Utrustning och tillbehör för skåpbilsombyggnad | Fabrikspriser
meta.title.menu.5,,Auto Parts & Automotive Accessories | Factory Prices,Bildelar och biltillbehör | Fabrikspriser
meta.title.menu.6,,RV Accessories & Camping Essentials | Factory Prices,Husbilstillbehör och campingtillbehör | Fabrikspriser
,,,#VALUE!
meta.des.menu.1,,Transform your pickup truck into a mobile home with comprehensive truck camper equipment and accessories. Discover slide-in campers,Förvandla din pickup till ett husbilshus med omfattande utrustning och tillbehör för campingbilar. Upptäck campingbilar med slide-in-funktion
meta.des.menu.2,,Create a comfortable and functional RV interior with furniture,Skapa en bekväm och funktionell husbilsinredning med möbler
meta.des.menu.3,,Protect and enhance your RV exterior with awnings,Skydda och förbättra din husbils exteriör med markiser
meta.des.menu.4,,Convert your van into a fully functional mobile home with insulation,Förvandla din skåpbil till en fullt fungerande husbil med isolering
meta.des.menu.5,,Keep your vehicle running smoothly with auto parts and automotive accessories sourced directly from manufacturers. Discover engine components,Håll ditt fordon igång smidigt med bildelar och biltillbehör som kommer direkt från tillverkare. Upptäck motorkomponenter
meta.des.menu.6,,Enhance your RV experience with essential accessories for comfort,Förbättra din husbilsupplevelse med viktiga tillbehör för komfort
,,,#VALUE!
,,,#VALUE!
,,,#VALUE!
,Footer,,#VALUE!
,,,#VALUE!
footer.link.home,Lien footer Accueil,Home,Hem
footer.link.sitemap,Lien footer Plan du site,Site map,Webbplatskarta
footer.link.conditions,Lien footer Conditions,Terms of Use,Användarvillkor
footer.link.mentions,Lien footer Mentions légales,Legal notice,Juridisk information
footer.link.policy,Lien footer Politique,Privacy Policy,Integritetspolicy
footer.link.aboutus,Lien footer about us,About us,Om oss
,,,#VALUE!
,,,#VALUE!
legal.conditions.title,Titre page Conditions d'utilisation,Terms of Use - AliExpress Affiliate Program,Användarvillkor - AliExpress partnerprogram
legal.mentions.title,Titre page Mentions légales,Legal Notice - AliExpress Affiliate Program,Juridisk information - AliExpress partnerprogram
legal.policy.title,Titre page Politique de confidentialité,Privacy Policy - AliExpress Affiliate Program,Integritetspolicy - AliExpress partnerprogram
legal.aboutus.title,Titre page about us,About us – RV TRAVEL SHOP,Om oss – Husbilsresor
,,,#VALUE!
legal.conditions.meta.description,Description SEO Conditions,AliExpress Affiliate Site Terms of Use,Användarvillkor för AliExpress-partnerwebbplats
legal.mentions.meta.description,Description SEO Mentions légales,Legal notices for the AliExpress affiliate website,Juridiska meddelanden för AliExpress affiliate-webbplats
legal.policy.meta.description,Description SEO Politique,AliExpress Affiliate Site Privacy Policy,AliExpress Affiliate-webbplatsens sekretesspolicy
legal.aboutus.meta.description,Description SEO About us,"About RV Travel Shop, affordable campervan gear, factory price RV parts, van life mission, reliable van equipment, budget-friendly motorhome gear.","Om RV Travel Shop, prisvärd husbilsutrustning, husbilsdelar till fabrikspris, van life mission, pålitlig skåpbilsutrustning, budgetvänlig husbilsutrustning."
,,,#VALUE!
legal.conditions.content,,"<p style=""margin-bottom: 2rem;"">Terms of Use Last updated: 2024</p>
<p style=""margin-bottom: 2rem;"">1. Acceptance of Terms By accessing and using this website, you agree to be bound by these terms of use. If you do not agree to these terms, please do not use this site.</p>
<p style=""margin-bottom: 2rem;"">2. Description of Service This site is an affiliate site that provides links to products available on AliExpress. We do not sell the products directly, but earn a commission on sales made through our affiliate links.</p>
<p style=""margin-bottom: 2rem;"">3. Affiliate Links All links to AliExpress are affiliate links. By clicking on these links and making a purchase, we may receive a commission at no additional cost to you.</p>
<p style=""margin-bottom: 2rem;"">4. Liability We are not responsible for the quality, availability, or delivery of products sold on AliExpress. All disputes concerning products must be resolved directly with AliExpress or the seller.</p>
<p style=""margin-bottom: 2rem;"">5. Intellectual Property The content of this site, including text, images, and logos, is protected by intellectual property laws. Any unauthorized reproduction is prohibited.</p>
<p style=""margin-bottom: 2rem;"">6. Modifications We reserve the right to modify these terms of use at any time. Modifications will take effect immediately upon their posting on the website.</p>
<p style=""margin-bottom: 2rem;"">7. Contact For any questions regarding these terms of use, you can contact us at: contact@evanstudio.com</p>","<p style=""margin-bottom: 2rem;"">Användarvillkor Senast uppdaterad: 2024</p>
<p style=""margin-bottom: 2rem;"">1. Godkännande av villkor Genom att besöka och använda denna webbplats godkänner du att vara bunden av dessa användarvillkor. Om du inte godkänner dessa villkor, vänligen använd inte denna webbplats.</p>
<p style=""margin-bottom: 2rem;"">2. Beskrivning av tjänsten Denna webbplats är en affiliate-webbplats som tillhandahåller länkar till produkter som finns tillgängliga på AliExpress. Vi säljer inte produkterna direkt, men tjänar provision på försäljning som görs via våra affiliate-länkar.</p>
<p style=""margin-bottom: 2rem;"">3. Affiliate-länkar Alla länkar till AliExpress är affiliate-länkar. Genom att klicka på dessa länkar och göra ett köp kan vi få provision utan extra kostnad för dig.</p>
<p style=""margin-bottom: 2rem;"">4. Ansvar Vi ansvarar inte för kvaliteten, tillgängligheten eller leveransen av produkter som säljs på AliExpress. Alla tvister gällande produkter måste lösas direkt med AliExpress eller säljaren.</p>
<p style=""margin-bottom: 2rem;"">5. Immateriella rättigheter Innehållet på denna webbplats, inklusive text, bilder och logotyper, är skyddat av immaterialrättsliga lagar. All obehörig reproduktion är förbjuden.</p>
<p style=""margin-bottom: 2rem;"">6. Ändringar Vi förbehåller oss rätten att ändra dessa användarvillkor när som helst. Ändringar träder i kraft omedelbart efter att de publicerats på webbplatsen.</p>
<p style=""margin-bottom: 2rem;"">7. Kontakt För eventuella frågor angående dessa användarvillkor kan du kontakta oss på: contact@evanstudio.com</p>"
,,,#VALUE!
legal.mentions.content,,"<p>Last updated: 2024</p>
<h2>1. Website Publisher</h2>
<ul>
    <li>Company name: EVAN STUDIO CO.LTD</li>
    <li>Email: contact@evanstudio.net</li>
</ul>
<h2>2. Publication Director</h2>
<p>EVAN STUDIO CO.LTD (Director and Owner)</p>
<h2>3. Hosting</h2>
<ul>
    <li>Host: Cloudflare</li>
    <li>Address: 101 Townsend St, San Francisco, CA 94107, USA</li>
</ul>
<h2>4. Intellectual Property</h2>
<p>This entire website is governed by French and international legislation on copyright and intellectual property. All rights of reproduction are reserved, including for downloadable documents and iconographic and photographic representations. Reproduction of all or part of this website on any electronic medium whatsoever is strictly prohibited without the express authorization of the publication director.</p>
<h2>5. Protection of Personal Data</h2>
<p>In accordance with the French Data Protection Act of 6 January 1978, as amended, and the General Data Protection Regulation (GDPR), you have the right to access, rectify, erase, and object to the processing of your personal data. To exercise this right, you can contact us at: contact@alxgroup.com</p>
<h2>6. External Links</h2>
<p>This site contains links to external websites. We are not responsible for the content of these external websites or their privacy policies.</p>
<h2>7. Cookies</h2>
<p>This site may use cookies to improve the user experience. For more information, please see our <a href=""https://policies.google.com/privacy?hl=en-US"">Privacy Policy</a>.</p>
<h2>8. Contact</h2>
<p>For any questions regarding these legal notices, you can contact us at: contact@evanstudio.com</p>","<p>Senast uppdaterad: 2024</p>
<h2>1. Webbplatsens utgivare</h2>
<ul>
<li>Företagsnamn: EVAN STUDIO CO.LTD</li>
<li>E-post: contact@evanstudio.net</li>
</ul>
<h2>2. Publikationschef</h2>
<p>EVAN STUDIO CO.LTD (chef och ägare)</p>
<h2>3. Webbhotell</h2>
<ul>
<li>Webbhotell: Cloudflare</li>
<li>Adress: 101 Townsend St, San Francisco, CA 94107, USA</li>
</ul>
<h2>4. Immateriella rättigheter</h2>
<p>Hela denna webbplats regleras av fransk och internationell lagstiftning om upphovsrätt och immateriella rättigheter. Alla rättigheter till reproduktion förbehålls, inklusive för nedladdningsbara dokument och ikonografiska och fotografiska representationer. Reproduktion av hela eller delar av denna webbplats på något elektroniskt medium är strängt förbjuden utan uttryckligt tillstånd från publikationschefen.</p>
<h2>5. Skydd av personuppgifter</h2>
<p>I enlighet med den franska dataskyddslagen av den 6 januari 1978, i dess ändrade lydelse, och den allmänna dataskyddsförordningen (GDPR) har du rätt att få tillgång till, rätta, radera och invända mot behandlingen av dina personuppgifter. För att utöva denna rätt kan du kontakta oss på: contact@alxgroup.com</p>
<h2>6. Externa länkar</h2>
<p>Denna webbplats innehåller länkar till externa webbplatser. Vi ansvarar inte för innehållet på dessa externa webbplatser eller deras integritetspolicyer.</p>
<h2>7. Cookies</h2>
<p>Denna webbplats kan använda cookies för att förbättra användarupplevelsen. För mer information, se vår <a href=""https://policies.google.com/privacy?hl=en-US"">integritetspolicy</a>.</p>
<h2>8. Kontakt</h2>
<p>För eventuella frågor angående dessa juridiska meddelanden kan du kontakta oss på: contact@evanstudio.com</p>"
,,,#VALUE!
legal.policy.content,,"<p>Last updated: 2024</p>
<h2>1. Introduction</h2>
<p>This privacy policy describes how we collect, use, and protect your personal information when you use our website.</p>
<h2>2. Data Collected</h2>
<ul>
    <li>Browsing data: IP address, browser type, pages visited, visit duration</li>
    <li>Cookies: to improve your user experience and analyze traffic</li>
    <li>Contact data: if you contact us via the form or email</li>
</ul>
<h2>3. Use of Data</h2>
<ul>
    <li>Improve the website's functionality</li>
    <li>Analyze website traffic and usage</li>
    <li>Contact you in response to your inquiries</li>
    <li>Comply with our legal obligations</li>
</ul>
<h2>4. Cookies</h2>
<ul>
    <li>Remember your preferences</li>
    <li>Analyze website traffic</li>
    <li>Improve the user experience</li>
</ul>
<p>You can disable cookies in your browser settings, but this may affect some website functionality.</p>
<h2>5. Data Sharing</h2>
<p>We do not sell, rent, or share your personal data with third parties, except:</p>
<ul>
    <li>When required by law</li>
    <li>With your explicit consent</li>
    <li>With our service providers (hosting, analytics) under a confidentiality agreement</li>
</ul>
<h2>6. Data Security</h2>
<p>We implement appropriate security measures to protect your personal data against unauthorized access, modification, disclosure, or destruction.</p>
<h2>7. Your Rights (GDPR)</h2>
<ul>
    <li>Right of access: you can request a copy of your personal data</li>
    <li>Right to rectification: you can correct your inaccurate data</li>
    <li>Right to erasure: you can request the deletion of your data</li>
    <li>Right to object: You can object to the processing of your personal data under certain circumstances.</li>
</ul>","<p>Senast uppdaterad: 2024</p>
<h2>1. Introduktion</h2>
<p>Denna integritetspolicy beskriver hur vi samlar in, använder och skyddar dina personuppgifter när du använder vår webbplats.</p>
<h2>2. Insamlade uppgifter</h2>
<ul>
<li>Webbdata: IP-adress, webbläsartyp, besökta sidor, besökslängd</li>
<li>Cookies: för att förbättra din användarupplevelse och analysera trafik</li>
<li>Kontaktuppgifter: om du kontaktar oss via formuläret eller e-post</li>
</ul>
<h2>3. Användning av uppgifter</h2>
<ul>
<li>Förbättra webbplatsens funktionalitet</li>
<li>Analysera webbplatstrafik och användning</li>
<li>Kontakta dig som svar på dina frågor</li>
<li>Följa våra rättsliga skyldigheter</li>
</ul>
<h2>4. Kakor</h2>
<ul>
<li>Kom ihåg dina inställningar</li>
<li>Analysera webbplatstrafik</li>
<li>Förbättra användarupplevelsen</li>
</ul>
<p>Du kan inaktivera kakor i dina webbläsarinställningar, men detta kan påverka vissa webbplatsfunktioner.</p>
<h2>5. Datadelning</h2>
<p>Vi säljer, hyr ut eller delar inte dina personuppgifter med tredje part, förutom:</p>
<ul>
<li>När det krävs enligt lag</li>
<li>Med ditt uttryckliga samtycke</li>
<li>Med våra tjänsteleverantörer (hosting, analys) enligt ett sekretessavtal</li>
</ul>
<h2>6. Datasäkerhet</h2>
<p>Vi implementerar lämpliga säkerhetsåtgärder för att skydda dina personuppgifter mot obehörig åtkomst, modifiering, avslöjande eller förstörelse.</p>
<h2>7. Dina rättigheter (GDPR)</h2>
<ul> <li>Rätt till åtkomst: du kan begära en kopia av dina personuppgifter</li>
<li>Rätt till rättelse: du kan korrigera felaktiga uppgifter</li>
<li>Rätt till radering: du kan begära att dina uppgifter raderas</li>
<li>Rätt att invända: Du kan invända mot behandlingen av dina personuppgifter under vissa omständigheter.</li>
</ul>"
,,,#VALUE!
,,,#VALUE!
,,,#VALUE!
,,,#VALUE!
legal.aboutus.content,,"<p>
RV TRAVEL SHOP was created with a simple goal: <strong>make motorhome and van equipment accessible to everyone at a fair price</strong>.
</p>

<p>
We work with numerous brands and manufacturers directly from specialized factories, notably through trusted platforms such as <strong>AliExpress</strong>. By sourcing as close to the production line as possible, we are able to offer <strong>factory-level prices</strong> while providing a wide selection of accessories for your nomadic journeys.
</p>

<h2>What We Offer</h2>

<p>
Our catalog covers a broad range of needs for the ""Van Life,"" including:
</p>

<p>
• Technical equipment and onboard power systems<br>
• Kitchen accessories and interior outfitting<br>
• Camping gear and outdoor furniture<br>
• Water, heating, and sanitation solutions<br>
• Storage and space optimization for vans
</p>

<h2>Our Approach</h2>

<p>
Instead of focusing on expensive marketing budgets or unnecessary intermediaries, RV TRAVEL SHOP prioritizes <strong>value, variety, and accessibility</strong>. This approach allows us to offer competitive pricing without compromising on the practicality and utility of our products.
</p>

<p>
We carefully select our items based on traveler demand, durability, and community feedback, ensuring we always meet the real-world needs of life on the road.
</p>

<h2>Our Philosophy</h2>

<p>
RV TRAVEL SHOP is for weekend warriors, digital nomads, and freedom seekers looking for <strong>reliable gear at the right price</strong>, without paying for unjustified markups.
</p>

<p>
<strong>Drive more. Explore more. Pay less.</strong><br>
That’s the RV TRAVEL SHOP philosophy.
</p>","<p>
RV TRAVEL SHOP skapades med ett enkelt mål: <strong>göra husbils- och skåpbilsutrustning tillgänglig för alla till ett rimligt pris</strong>.
</p>

<p>
Vi arbetar med många varumärken och tillverkare direkt från specialiserade fabriker, särskilt genom betrodda plattformar som <strong>AliExpress</strong>. Genom att köpa in så nära produktionslinjen som möjligt kan vi erbjuda <strong>fabrikspriser</strong> samtidigt som vi tillhandahåller ett brett utbud av tillbehör för dina nomadiska resor.
</p>

<h2>Vad vi erbjuder</h2>

<p>
Vår katalog täcker ett brett spektrum av behov för ""Van-livet"", inklusive:
</p>

<p>
• Teknisk utrustning och elsystem ombord<br>
• Kökstillbehör och inredning<br>
• Campingutrustning och utemöbler<br>
• Vatten-, värme- och sanitetslösningar<br>
• Förvaring och utrymmesoptimering för skåpbilar
</p>

<h2>Vår strategi</h2>

<p>
Istället för att fokusera på dyra marknadsföringsbudgetar eller onödiga mellanhänder prioriterar RV TRAVEL SHOP <strong>värde, variation och tillgänglighet</strong>. Denna strategi gör det möjligt för oss att erbjuda konkurrenskraftiga priser utan att kompromissa med våra produkters praktiska och användbara egenskaper.
</p>

<p>
Vi väljer noggrant våra artiklar baserat på resenärers efterfrågan, hållbarhet och feedback från samhället, vilket säkerställer att vi alltid möter de verkliga behoven i livet på vägen.
</p>

<h2>Vår filosofi</h2>

<p>
RV TRAVEL SHOP är för weekendresenärer, digitala nomader och frihetssökare som letar efter <strong>pålitlig utrustning till rätt pris</strong>, utan att betala för omotiverade påslag.
</p>

<p>
<strong>Kör mer. Utforska mer. Betala mindre.</strong><br>
Det är RV TRAVEL SHOPs filosofi.
</p>"
,,,#VALUE!
,,,#VALUE!
,,,#VALUE!
footer.copyright,Texte copyright footer,© 2024 AliExpress Affiliate. All rights reserved.,© 2024 AliExpress Affiliate. Alla rättigheter förbehållna.
footer.contact,Texte contact footer,Contact us:,Kontakta oss:
site.domain,Domaine du site (URL de base),https://rvtravelshop.com,https://rvtravelshop.com
site.contact.email,Adresse email de contact,contact@evanstudio.net,kontakt@evanstudio.net
,,,#VALUE!
,,,#VALUE!
,,,#VALUE!
,,,#VALUE!
,,,#VALUE!
,,,#VALUE!
,,,#VALUE!
,Index,,#VALUE!
,,,#VALUE!
site.meta.title,Titre SEO du site (page d'accueil),RV TRAVEL SHOP | Camping Car & Van Equipment at Factory Prices,Husbilsresor | Campingbils- och skåpbilsutrustning till fabrikspriser
site.meta.description,Description SEO du site (page d'accueil),"Shop quality van life and motorhome equipment. From solar kits to kitchen gear, get factory prices for your adventures. Drive more, pay less!","Handla högkvalitativ utrustning för vanlife och husbilar. Från solcellssatser till köksutrustning, få fabrikspriser för dina äventyr. Kör mer, betala mindre!"
homepage.hero.title,Titre principal de la page d'accueil (hero),Discover the Best Products of RV TRAVEL SHOP,Upptäck de bästa produkterna från RV TRAVEL SHOP
homepage.hero.subtitle,Sous-titre de la page d'accueil (hero),Exclusive offers and competitive prices for all your needs,Exklusiva erbjudanden och konkurrenskraftiga priser för alla dina behov
homepage.hero.button,Texte du bouton hero,View Products,Visa produkter
homepage.hero.button.url,URL du lien du bouton hero,https://rvtravelshop.com,https://rvtravelshop.com
,,,#VALUE!
,,,#VALUE!
,,,#VALUE!
,,,#VALUE!
,,,#VALUE!
,,,#VALUE!
,,,#VALUE!
,,,#VALUE!
,,,#VALUE!
,,,#VALUE!
,,,#VALUE!
,,,#VALUE!
,,,#VALUE!
,,,#VALUE!
,,,#VALUE!
,,,#VALUE!
,,,#VALUE!
,,,#VALUE!
,,,#VALUE!
,,,#VALUE!
,presentation,,#VALUE!
,,,#VALUE!
homepage.presentation.title,Titre de la section présentation marque,About RV TRAVEL SHOP,Om RV TRAVEL SHOP
homepage.presentation.content,Contenu de la section présentation marque,"RV TRAVEL SHOP is your premier destination for affordable campervan, motorhome, and van life equipment at factory prices. We offer a wide range of specialized gear sourced directly from manufacturers through trusted platforms like AliExpress. By working at the source, we eliminate unnecessary intermediaries to pass the savings directly to you. Our selection includes everything from solar power systems and interior fittings to outdoor camping gear and sanitation solutions. Whether you are a weekend adventurer or a full-time digital nomad, RV TRAVEL SHOP helps you stay equipped and ready for the road—without overpaying.","RV TRAVEL SHOP är din främsta destination för prisvärd husbils-, husbils- och minibussutrustning till fabrikspriser. Vi erbjuder ett brett utbud av specialutrustning som köps direkt från tillverkare via betrodda plattformar som AliExpress. Genom att arbeta vid källan eliminerar vi onödiga mellanhänder och ger dig besparingarna direkt. Vårt utbud inkluderar allt från solenergisystem och inredning till campingutrustning och sanitetslösningar. Oavsett om du är en weekendäventyrare eller en digital nomad på heltid, hjälper RV TRAVEL SHOP dig att hålla dig utrustad och redo för vägen – utan att betala för mycket."
,,,#VALUE!
,,,#VALUE!
,,,#VALUE!
,,,#VALUE!
,,,#VALUE!
,,,#VALUE!
homepage.advantages.title,Titre de la section avantages,</section>,</avsnitt>
homepage.advantages.factory_price.title,Titre avantage: Prix Direct Usine,Factory Direct Price,Fabriks direktpris
homepage.advantages.factory_price.description,Description avantage: Prix Direct Usine,Benefit from factory-direct pricing without intermediaries.,Dra nytta av fabriksdirekta priser utan mellanhänder.
homepage.advantages.worldwide_shipping.title,Titre avantage: Livraison Mondiale,Worldwide Delivery,Leverans över hela världen
homepage.advantages.worldwide_shipping.description,Description avantage: Livraison Mondiale,Worldwide delivery for all your needs,Världsomspännande leverans för alla dina behov
homepage.advantages.customer_service.title,Titre avantage: Service Après-Vente Réactif,Responsive After-Sales Service,Responsiv eftermarknadsservice
homepage.advantages.customer_service.description,Description avantage: Service Après-Vente Réactif,A responsive and available after-sales service to assist you,En lyhörd och tillgänglig eftermarknadsservice som hjälper dig
homepage.advantages.secure_payment.title,Titre avantage: Paiement Sécurisé,Secure Payment,Säker betalning
homepage.advantages.secure_payment.description,Description avantage: Paiement Sécurisé,Secure payment by credit card with maximum protection,Säker betalning med kreditkort med maximalt skydd
homepage.faq.title,Titre de la section FAQ,Frequently Asked Questions,Vanliga frågor
homepage.categories.title,Titre de la section catégories,Our Categories,Våra kategorier
homepage.testimonials.title,Titre de la section témoignages,Customer Reviews,Kundrecensioner
homepage.stats.title,Titre de la section statistiques,Our Key Figures,Våra nyckeltal
homepage.stats.products.number,Nombre de produits,2800,2800
homepage.stats.products.label,Label produits,Products Available,Tillgängliga produkter
homepage.stats.countries.number,Nombre de pays,108,108
homepage.stats.countries.label,Label pays,Country of Delivery,Leveransland
homepage.stats.satisfaction.number,Taux de satisfaction,98 %,98 %
homepage.stats.satisfaction.label,Label satisfaction,Customer Satisfaction,Kundnöjdhet
homepage.stats.support.number,Support client,24/7,Dygnet runt
homepage.stats.support.label,Label support,Customer Service,Kundservice
homepage.testimonials.1.name,Nom du témoignage 1,Jack D.,Jack D.
homepage.testimonials.1.text,Texte du témoignage 1,"Excellent service! I ordered a rooftop car tent and I’m extremely satisfied. The quality is outstanding, the delivery was fast, and the packaging was secure. The tent is exactly as described—strong, comfortable, and very easy to set up. It has completely upgraded our road trips and camping experience. I highly recommend it without hesitation.","Utmärkt service! Jag beställde ett taktält för bilar och jag är extremt nöjd. Kvaliteten är enastående, leveransen var snabb och förpackningen var säker. Tältet är precis som beskrivet – starkt, bekvämt och väldigt enkelt att sätta upp. Det har helt uppgraderat våra bilresor och campingupplevelser. Jag rekommenderar det starkt utan att tveka."
homepage.testimonials.2.name,Nom du témoignage 2,Marine G.,Marin G.
homepage.testimonials.2.text,Texte du témoignage 2,"Excellent value for money. I bought a gas heater for my camper van and it fully matches the description. The heater is efficient, reliable, and well built, providing fast and consistent warmth even in cold conditions. Delivery was on time, the packaging was secure, and the product exceeded my expectations.","Utmärkt valuta för pengarna. Jag köpte en gasvärmare till min husbil och den matchar helt beskrivningen. Värmaren är effektiv, pålitlig och välbyggd och ger snabb och jämn värme även i kalla förhållanden. Leveransen var i tid, förpackningen var säker och produkten överträffade mina förväntningar."
homepage.testimonials.3.name,Nom du témoignage 3,Fabrice L.,Fabrice L.
homepage.testimonials.3.text,Texte du témoignage 3,"Perfect! I ordered outdoor camping chairs and I’m very satisfied. The quality is excellent, the price is competitive, and the delivery went smoothly. The chairs are sturdy, comfortable, and well designed, making them ideal for camping, road trips, and outdoor use. I will definitely be back!","Perfekt! Jag beställde campingstolar för utomhusbruk och jag är mycket nöjd. Kvaliteten är utmärkt, priset är konkurrenskraftigt och leveransen gick smidigt. Stolarna är robusta, bekväma och väldesignade, vilket gör dem perfekta för camping, bilresor och utomhusbruk. Jag kommer definitivt tillbaka!"
homepage.testimonials.4.name,Nom du témoignage 4,Rose K.,Rose K.
homepage.testimonials.4.text,Texte du témoignage 4,"Responsive customer service and quality product. I had a quick question before ordering and received a prompt and helpful reply. The inflatable mattress perfectly matches the photos and description. The build quality is excellent, it inflates easily, and it’s very comfortable for sleeping. It performed exactly as expected and made our camping nights much more enjoyable. Very satisfied with my purchase!

","Responsiv kundservice och kvalitetsprodukt. Jag hade en snabb fråga innan jag beställde och fick ett snabbt och hjälpsamt svar. Den uppblåsbara madrassen matchar perfekt bilderna och beskrivningen. Byggkvaliteten är utmärkt, den blåses upp lätt och den är väldigt bekväm att sova i. Den fungerade exakt som förväntat och gjorde våra campingkvällar mycket roligare. Väldigt nöjd med mitt köp!

"
,,,#VALUE!
,,,#VALUE!
,,,#VALUE!
,,,#VALUE!
,FAQ,,#VALUE!
homepage.faq.1.question,Question FAQ 1,What are the delivery times?,Vilka är leveranstiderna?
homepage.faq.1.answer,Réponse FAQ 1,"Delivery times vary depending on your location and the seller. Generally, standard delivery takes between 15 and 30 business days. Some sellers offer express delivery (7-15 days) for an additional fee. You can check the exact delivery times on each AliExpress product page before placing your order.",Leveranstiderna varierar beroende på din plats och säljaren. Generellt sett tar standardleverans mellan 15 och 30 arbetsdagar. Vissa säljare erbjuder expressleverans (7–15 dagar) mot en extra avgift. Du kan kontrollera de exakta leveranstiderna på varje AliExpress-produktsida innan du gör din beställning.
homepage.faq.2.question,Question FAQ 2,What payment methods are accepted?,Vilka betalningsmetoder accepteras?
homepage.faq.2.answer,Réponse FAQ 2,"AliExpress accepts several secure payment methods: credit cards (Visa, Mastercard), PayPal, bank transfer, and other methods depending on your country. All payments are secure and protected by AliExpress's Buyer Protection system. You will only be charged once your order has shipped.","AliExpress accepterar flera säkra betalningsmetoder: kreditkort (Visa, Mastercard), PayPal, banköverföring och andra metoder beroende på ditt land. Alla betalningar är säkra och skyddade av AliExpress köparskyddssystem. Du debiteras först när din beställning har skickats."
homepage.faq.3.question,Question FAQ 3,Is there a warranty on the products?,Finns det garanti på produkterna?
homepage.faq.3.answer,Réponse FAQ 3,"Yes, all products sold on AliExpress are covered by the AliExpress Buyer Guarantee. This guarantee covers defective products, products that do not match the description, or products that were not received. You generally have 15 days after receipt to open a dispute if necessary. In addition, many sellers offer their own extended warranties (6 months, 1 year, etc.), which you can find on the product page.","Ja, alla produkter som säljs på AliExpress omfattas av AliExpress köpargaranti. Denna garanti täcker defekta produkter, produkter som inte matchar beskrivningen eller produkter som inte mottagits. Du har vanligtvis 15 dagar efter mottagandet på dig att inleda en tvist om det behövs. Dessutom erbjuder många säljare sina egna förlängda garantier (6 månader, 1 år, etc.), som du hittar på produktsidan."
homepage.faq.4.question,Question FAQ 4,What should I do if there's a problem with my order?,Vad ska jag göra om det är problem med min beställning?
homepage.faq.4.answer,Réponse FAQ 4,"If you encounter a problem (defective product, not received, non-compliant), you can open a dispute directly from your AliExpress account in the ""My Orders"" section. AliExpress customer service will assist you in resolving the issue. Most disputes are resolved quickly, often in your favor if you provide the necessary evidence (photos, description of the problem).","Om du stöter på ett problem (defekt produkt, inte mottagen produkt, icke-kompatibel produkt) kan du öppna en tvist direkt från ditt AliExpress-konto i avsnittet ""Mina beställningar"". AliExpress kundtjänst hjälper dig att lösa problemet. De flesta tvister löses snabbt, ofta till din fördel om du tillhandahåller nödvändiga bevis (foton, beskrivning av problemet)."
homepage.faq.5.question,Question FAQ 5,Are the products authentic and of good quality?,Är produkterna autentiska och av god kvalitet?
homepage.faq.5.answer,Réponse FAQ 5,"We select only quality products from verified and positively rated sellers on AliExpress. Each product displays customer reviews and ratings, allowing you to check the quality before purchasing. We recommend reading reviews and checking photos shared by customers to ensure the product meets your expectations.","Vi väljer endast kvalitetsprodukter från verifierade och positivt betygsatta säljare på AliExpress. Varje produkt visar kundrecensioner och betyg, så att du kan kontrollera kvaliteten innan du köper. Vi rekommenderar att du läser recensioner och tittar på foton som delats av kunder för att säkerställa att produkten uppfyller dina förväntningar."
homepage.bestsellers.title,Titre de la section Best Sellers,Best Sellers,Bästsäljare
button.view_products,"Texte bouton ""Voir les Produits""",View Products,Visa produkter
button.view_on_aliexpress,"Texte bouton ""Voir sur AliExpress""",View on AliExpress,Visa på AliExpress
button.discover_reviews,"Texte bouton ""Découvrez les X avis""",Discover the,Upptäck
button.positive_reviews,"Texte ""avis positifs sur AliExpress""",Positive reviews on AliExpress,Positiva recensioner på AliExpress